Age,Clicks,Day,Gender,Impressions,Signed_In
42,1,24,0,0,1
32,1,8,0,0,0
44,1,18,0,3,0
57,1,24,0,0,0
31,0,13,0,0,0
31,2,26,1,0,0
58,2,25,1,0,0
46,2,8,1,3,0
27,1,9,0,0,0
43,1,7,0,7,0
28,1,7,0,7,1
28,0,25,1,0,1
38,1,26,0,0,1
6,0,3,1,3,0
9,0,17,0,0,0
26,2,17,0,0,1
19,0,12,0,0,1
39,4,18,0,0,0
21,1,26,1,2,0
13,4,7,1,0,0
56,0,5,0,0,1
31,1,2,0,6,0
36,1,12,1,2,0
13,2,11,1,0,1
26,1,13,0,2,0
36,0,15,0,0,0
17,2,22,0,2,0
40,1,12,0,0,0
25,0,11,0,0,0
30,1,23,0,1,0
25,2,24,0,0,0
62,0,8,0,9,1
34,1,10,0,0,1
19,0,23,1,6,0
47,1,4,1,6,0
16,2,11,0,0,1
38,1,14,1,2,0
5,1,7,1,0,0
15,0,7,0,6,0
37,0,13,0,0,0
46,0,22,1,1,0
37,1,24,1,0,1
33,1,29,1,0,0
30,4,4,1,0,1
12,0,8,1,0,0
24,2,22,0,2,1
28,1,16,0,0,0
50,1,11,0,1,0
40,2,7,0,0,0
8,0,9,1,0,0
39,0,13,0,0,1
29,2,7,1,2,0
24,1,28,0,9,0
44,0,5,0,0,0
50,0,29,0,0,1
48,1,24,0,0,0
22,2,13,1,1,1
30,0,21,1,0,1
39,1,19,1,2,1
49,1,8,0,0,0
27,1,11,0,2,0
32,4,15,0,1,0
18,0,19,0,0,1
17,4,16,1,0,1
47,1,14,1,0,0
55,2,14,1,0,1
33,1,15,0,4,0
50,1,13,1,0,0
40,2,16,0,2,0
25,3,25,1,0,1
40,0,18,0,0,1
58,0,21,0,0,1
34,1,18,0,0,1
58,3,19,1,0,0
-4,1,17,0,0,1
47,2,2,0,0,0
36,2,30,1,0,1
30,2,2,0,0,1
36,1,12,0,0,0
5,1,5,0,0,0
31,4,5,0,6,0
40,2,23,1,0,1
57,2,13,1,2,0
27,1,23,0,0,0
22,2,9,1,1,1
27,0,9,0,0,0
48,0,9,0,7,0
39,2,18,0,0,0
27,1,23,0,2,0
42,2,14,0,0,1
36,0,12,1,0,0
49,2,28,1,1,0
24,1,5,0,0,0
30,2,15,0,0,0
29,0,13,1,0,1
13,2,5,1,0,1
39,2,9,1,9,0
38,0,2,0,0,0
35,1,25,1,2,0
31,2,18,0,0,0
13,2,23,0,0,0
28,2,16,0,6,1
29,2,18,0,4,0
22,1,20,0,2,0
32,1,25,0,0,0
41,0,5,0,0,0
63,0,11,1,0,1
37,2,20,0,0,0
38,0,27,0,0,0
33,3,29,0,2,0
6,2,19,1,5,1
34,2,7,0,0,0
35,3,5,0,0,1
71,1,26,0,3,0
32,2,13,1,0,1
39,0,7,1,0,1
34,0,26,0,0,0
17,2,5,0,0,1
52,0,21,1,9,1
46,4,18,0,0,0
46,2,4,1,0,0
21,2,11,0,0,0
56,0,6,0,5,1
13,2,18,0,3,1
43,0,14,0,0,1
67,2,0,1,0,1
20,0,29,1,0,1
26,2,11,0,0,0
36,0,9,1,1,0
27,0,8,0,0,1
11,1,6,0,0,0
36,0,30,0,1,0
19,2,10,1,0,1
42,0,13,1,3,0
21,1,25,1,0,0
58,1,19,1,0,0
23,0,12,1,9,0
30,1,25,1,0,1
47,2,21,1,1,0
16,0,8,1,0,0
38,0,19,0,0,0
54,1,26,0,1,0
10,1,15,0,0,0
37,1,21,0,2,0
38,1,28,0,0,0
46,2,20,0,0,0
16,0,5,1,0,0
15,1,8,0,0,1
42,1,17,0,0,1
39,2,9,0,0,1
38,4,27,1,0,0
40,1,13,0,0,0
24,4,14,0,2,1
38,1,20,1,0,0
39,0,16,1,7,1
24,0,12,0,0,1
62,1,4,0,0,1
42,1,17,0,2,1
17,0,24,1,0,1
44,1,20,0,0,1
20,1,12,0,0,0
46,0,5,0,0,1
52,0,23,0,0,0
22,2,26,1,9,1
49,1,12,0,0,0
41,2,21,0,4,0
47,2,13,0,1,1
63,1,15,0,0,0
31,0,24,0,0,1
23,1,4,1,2,0
21,1,16,1,4,1
22,1,8,1,0,1
33,0,11,1,0,1
40,0,19,1,0,0
39,2,2,0,0,0
47,1,17,1,0,1
35,2,9,1,3,0
56,1,19,1,0,0
31,2,6,0,1,0
75,1,21,0,0,0
44,1,19,1,0,0
22,3,28,1,0,0
18,2,26,1,1,0
42,0,9,0,3,1
31,0,2,0,1,0
45,2,19,0,0,1
42,2,18,1,0,0
33,1,2,0,0,0
22,1,5,0,0,0
12,2,17,1,2,0
28,1,26,0,0,0
47,2,25,1,2,1
38,0,6,0,0,0
16,4,12,1,1,1
37,2,3,0,8,0
40,2,14,1,0,0
21,1,21,1,5,0
37,0,22,0,0,1
35,1,15,0,0,0
17,2,5,0,3,1
40,2,12,1,5,0
43,1,26,1,0,0
51,2,8,0,0,0
50,2,10,1,1,1
14,0,21,0,2,1
20,1,21,1,0,0
42,2,26,1,2,1
42,1,12,0,0,0
42,2,15,0,0,1
92,1,14,0,0,1
43,5,26,0,0,1
52,0,22,0,7,1
49,1,24,0,0,0
44,0,6,0,7,1
30,0,22,0,0,0
46,1,13,0,1,0
23,0,1,0,2,0
31,4,4,0,1,0
27,4,20,1,0,0
36,1,12,1,0,0
69,2,24,0,3,0
6,1,21,0,2,0
45,2,1,1,0,1
10,2,20,1,2,0
27,0,7,0,0,1
51,2,13,0,0,0
35,2,18,0,3,0
18,1,25,0,0,0
24,3,14,0,2,0
45,3,23,0,0,0
24,1,22,1,0,0
38,2,13,0,0,0
35,5,15,0,0,0
25,1,20,0,2,1
67,1,2,0,0,0
44,0,25,0,0,0
4,3,22,0,0,1
37,2,9,1,0,0
25,0,29,0,2,1
47,4,7,1,0,0
23,2,26,1,1,0
33,2,10,0,6,0
42,0,22,0,1,0
47,1,14,0,2,0
16,2,21,1,0,1
29,1,6,1,0,0
27,2,9,1,5,0
25,2,5,0,1,0
61,1,24,1,1,0
41,2,10,0,1,0
16,0,20,0,0,0
48,0,23,0,0,0
66,0,25,0,2,0
50,1,5,1,1,0
12,1,25,0,0,0
27,2,7,0,5,0
54,2,21,0,0,0
24,1,21,1,0,0
41,2,0,1,4,1
46,0,8,0,2,1
21,0,15,0,0,1
34,2,13,0,0,1
-13,2,26,1,0,1
19,2,11,0,1,1
31,1,26,0,0,1
16,2,14,0,2,1
59,2,28,0,7,1
13,4,21,1,2,0
28,0,23,0,0,0
36,1,5,0,2,1
56,2,17,0,0,0
13,5,6,0,0,1
52,0,10,1,0,0
35,1,18,0,0,0
20,1,21,1,5,1
41,1,3,1,0,1
37,0,16,0,0,0
25,0,17,0,8,1
36,1,4,0,0,1
29,1,15,1,2,0
36,0,20,0,0,0
44,1,4,0,0,0
58,0,22,0,6,0
16,4,17,1,0,0
66,1,24,0,0,0
5,2,8,0,0,0
32,1,24,0,0,1
43,3,5,0,0,0
39,1,13,1,0,0
25,1,7,0,0,0
31,1,25,1,2,1
27,2,20,1,0,1
26,1,1,0,0,0
47,0,0,1,0,1
40,0,10,0,6,1
24,2,6,0,5,1
48,1,18,1,1,1
39,0,19,0,4,0
47,1,26,1,0,0
44,1,27,0,0,0
22,2,19,1,0,0
26,0,0,0,0,0
46,1,11,0,0,1
44,2,15,0,0,0
34,2,15,1,9,1
36,0,18,1,2,0
54,2,27,0,0,0
26,1,25,1,1,0
43,1,5,0,0,0
31,4,9,0,0,1
31,4,24,1,0,1
51,1,23,1,0,0
47,0,9,1,0,1
47,1,21,1,2,1
54,0,19,0,0,0
35,0,14,1,0,1
45,1,7,0,0,0
30,4,25,0,0,0
39,2,20,0,4,1
33,1,7,0,0,0
36,1,20,0,7,0
43,0,21,0,9,0
22,0,25,0,0,1
66,0,8,0,0,1
19,2,30,0,3,0
16,0,6,0,9,0
52,2,18,0,0,0
46,2,19,1,2,1
44,0,13,1,2,0
44,0,14,1,0,1
34,2,25,0,0,1
21,3,19,1,2,1
36,2,15,0,1,0
24,1,5,0,0,0
49,1,0,0,0,0
32,1,5,1,0,0
22,5,27,0,0,1
30,2,22,0,5,0
41,2,28,0,0,0
26,1,2,1,0,1
22,2,20,1,0,0
38,1,3,0,0,0
38,0,22,0,0,1
27,1,12,0,0,0
27,3,5,1,0,1
38,2,17,0,0,1
13,0,9,1,0,1
13,2,19,0,0,0
24,0,19,1,7,0
31,0,20,0,0,0
39,1,30,0,0,0
57,1,12,0,1,1
47,1,14,0,0,1
32,1,23,0,1,0
34,2,17,1,0,1
19,1,2,0,0,1
34,2,24,1,2,0
30,0,3,1,6,0
39,2,7,0,0,0
22,2,5,1,0,1
42,2,4,1,0,0
57,1,1,0,6,1
33,2,4,1,5,0
41,0,14,0,0,1
45,2,9,0,0,0
28,0,5,1,0,1
38,0,19,0,0,1
35,1,8,0,0,0
36,2,1,0,0,1
23,0,13,1,0,1
35,3,10,1,7,1
42,4,10,0,9,0
56,2,14,1,0,0
49,1,19,1,0,1
67,2,18,0,3,1
23,1,26,0,0,0
48,1,15,1,1,1
37,3,14,1,0,0
67,4,8,1,0,1
22,3,22,0,0,0
22,0,6,0,0,0
26,0,15,0,1,0
3,1,13,0,0,0
27,1,19,0,0,0
23,1,26,1,0,0
37,1,26,0,3,0
40,2,6,1,0,0
63,2,9,0,0,1
49,2,23,0,0,0
26,2,15,0,0,0
21,0,14,0,0,0
42,0,20,0,2,1
15,2,18,1,0,1
62,1,28,1,0,0
52,1,17,0,1,1
27,0,14,0,0,1
9,0,16,1,0,0
55,2,23,0,0,1
33,2,18,0,0,0
53,3,19,0,1,0
11,1,28,1,0,0
26,1,18,0,1,1
35,2,12,0,1,0
35,1,20,1,0,0
28,1,19,0,0,0
44,3,1,0,0,0
18,2,14,0,0,0
32,3,21,1,9,0
36,0,15,0,2,0
42,1,22,1,0,1
45,2,14,1,0,0
18,0,29,0,0,0
11,2,10,1,0,0
54,0,5,0,0,0
39,2,13,0,0,0
23,2,16,0,3,0
58,0,11,0,1,1
36,1,8,0,0,0
52,2,19,0,0,0
36,2,12,0,0,0
65,1,18,1,2,1
61,3,22,0,2,1
31,1,22,1,5,0
49,1,12,0,0,0
44,0,17,0,1,1
55,3,14,0,0,0
20,0,25,0,0,0
45,1,25,0,0,0
50,2,11,1,0,0
8,0,5,1,0,1
17,1,6,1,0,1
4,0,12,0,0,1
30,2,17,1,0,0
45,1,19,0,0,0
57,2,11,0,0,0
36,3,19,1,0,1
59,2,26,1,0,1
14,2,19,0,0,0
9,1,6,0,9,0
34,1,17,0,0,0
40,2,16,1,0,1
34,3,25,0,0,0
3,1,11,1,3,0
33,1,13,0,1,0
15,1,18,0,0,0
45,1,16,0,0,1
40,0,21,0,1,1
20,1,3,0,1,1
27,1,17,1,1,1
19,1,5,1,3,0
34,1,10,1,3,0
49,2,19,1,0,0
20,2,6,1,0,1
42,4,10,0,1,0
27,1,20,1,2,1
23,0,19,0,0,0
33,4,5,0,9,0
19,2,17,0,0,1
26,1,6,0,0,1
17,0,9,0,3,0
64,0,14,1,0,0
35,0,5,0,0,1
24,0,30,0,0,1
38,3,6,0,0,0
33,1,22,0,0,0
31,2,23,0,0,0
44,2,30,0,0,0
46,2,13,0,9,1
27,2,25,0,9,0
26,4,27,1,0,0
30,1,7,1,1,0
0,4,14,0,0,0
12,2,4,0,0,0
55,0,18,0,0,0
59,2,17,1,8,0
31,2,7,0,7,0
43,3,23,0,0,0
39,1,2,1,0,0
81,1,23,0,0,0
51,0,2,0,0,0
33,1,19,0,0,0
20,0,4,1,0,0
10,1,9,1,2,1
38,2,21,1,0,1
23,0,9,0,6,0
13,1,15,0,1,1
25,0,26,1,0,0
18,0,3,1,2,0
60,1,23,0,2,0
48,0,4,1,0,0
34,1,5,0,0,0
57,0,5,0,6,1
36,0,30,1,0,1
22,1,7,0,0,0
57,1,25,1,0,0
43,0,30,0,2,0
19,1,12,0,2,0
32,2,18,1,6,1
21,2,22,1,0,1
14,0,12,0,0,1
48,1,6,0,0,1
63,2,13,1,2,0
14,0,22,0,0,0
43,2,22,1,0,0
25,3,8,1,0,0
27,2,7,0,0,1
26,2,26,0,4,0
22,2,3,0,1,0
35,2,21,1,9,1
22,2,3,0,0,1
39,2,24,0,5,0
34,2,25,0,2,1
31,1,10,0,0,0
21,1,4,0,8,0
26,3,15,0,0,0
46,0,10,1,4,0
42,2,13,1,4,0
20,4,19,1,2,0
36,2,8,0,0,1
46,5,11,0,0,1
9,2,22,1,0,0
43,0,19,0,0,1
25,2,11,1,2,0
43,0,19,1,2,0
23,1,22,0,5,1
7,1,17,1,0,0
10,0,8,1,2,0
35,1,0,0,7,1
38,1,23,0,2,0
21,2,23,0,0,1
44,2,20,0,0,0
10,1,4,0,0,0
34,0,17,0,0,0
16,2,23,1,0,0
25,2,12,0,9,0
35,3,7,0,0,1
22,0,17,1,0,0
29,2,23,0,0,0
50,1,3,1,2,0
26,2,17,0,7,0
47,0,19,0,2,1
18,1,18,0,0,1
42,0,19,1,0,1
56,0,18,0,3,0
-2,1,6,1,0,0
23,2,8,0,0,0
43,2,18,0,0,1
31,1,1,0,0,0
40,1,18,1,1,0
25,1,19,1,0,0
36,4,8,0,0,1
32,1,18,0,0,1
52,0,16,0,0,1
38,0,9,0,0,0
40,2,14,0,1,1
28,1,26,1,0,0
27,0,13,1,0,1
28,2,18,0,0,1
40,2,2,0,0,1
28,2,4,1,0,1
39,0,4,1,0,0
66,1,22,0,5,0
48,3,11,0,1,0
30,2,8,0,0,0
53,0,21,0,0,0
28,0,7,0,8,0
4,1,8,0,1,1
19,1,13,1,0,0
6,2,11,0,1,1
29,4,17,0,2,1
35,1,11,0,2,0
60,0,12,1,0,0
39,3,24,1,0,0
31,0,25,0,0,1
47,4,23,0,6,0
1,2,24,1,0,0
38,4,17,0,0,1
46,0,19,0,6,0
12,0,16,0,6,1
52,1,22,0,9,0
40,1,16,0,4,1
28,1,5,1,9,1
44,4,23,1,0,1
69,2,22,0,2,0
37,2,23,1,2,0
38,0,7,0,0,1
28,2,9,0,0,0
22,2,10,0,9,0
47,1,15,1,0,1
22,3,6,0,3,0
36,0,12,0,0,0
27,0,7,1,0,1
42,0,9,1,0,0
40,2,20,1,0,0
50,2,24,0,1,1
27,1,1,0,0,1
30,0,17,0,0,0
20,0,2,0,0,1
28,0,4,1,0,1
40,1,20,0,0,0
46,0,21,0,2,0
21,0,23,1,0,0
48,2,14,0,0,1
55,1,24,0,0,1
41,2,6,1,0,0
63,0,9,1,0,1
23,1,6,1,0,1
16,1,23,0,3,0
8,0,8,0,6,1
57,0,6,1,2,0
44,2,18,0,0,1
34,3,4,0,0,0
39,0,3,1,0,0
18,1,5,0,1,1
71,4,0,1,9,0
36,0,20,0,0,1
36,2,17,0,0,0
45,4,8,0,1,1
42,4,8,1,2,0
38,1,23,0,2,0
23,0,15,0,1,1
42,0,20,1,7,1
63,2,14,1,0,1
55,3,8,1,5,1
58,2,28,0,8,0
27,2,17,0,2,0
20,2,6,1,0,0
33,2,13,1,0,0
35,2,11,0,0,1
51,2,8,0,0,1
9,1,26,1,4,0
57,0,25,0,0,1
32,2,7,1,0,1
28,1,11,0,2,1
19,0,22,0,0,0
10,2,8,1,0,0
47,2,17,0,0,1
36,3,20,0,0,1
15,0,19,0,0,0
15,2,20,0,3,1
29,0,20,1,0,0
60,3,28,1,6,0
31,0,11,1,0,1
12,2,25,0,0,0
31,2,1,0,0,0
30,1,10,0,0,0
-5,4,3,1,0,0
34,2,19,1,0,0
31,0,5,1,0,0
45,0,24,0,0,1
62,0,19,0,0,1
51,0,2,0,0,0
30,2,21,0,2,0
18,4,24,0,7,1
73,0,19,1,0,1
35,1,2,0,0,0
35,1,24,0,8,0
34,0,21,0,0,0
37,1,12,1,8,0
32,1,11,0,0,0
26,1,14,1,4,1
26,2,24,1,0,1
34,2,9,0,7,1
26,0,5,1,0,0
24,2,24,0,1,1
36,2,2,0,0,0
31,2,26,1,0,0
57,1,10,1,2,1
-4,3,15,0,0,0
51,2,6,0,6,0
53,1,25,0,0,0
3,1,21,0,3,1
29,3,26,0,0,0
29,2,20,0,9,1
13,3,7,0,8,1
23,2,10,1,0,1
18,2,15,0,4,0
61,0,18,0,2,0
49,0,26,0,0,0
54,4,12,1,0,0
45,1,20,0,0,1
18,0,27,0,2,0
27,2,6,0,0,1
42,2,24,1,0,0
16,0,13,0,0,1
45,1,21,1,0,0
31,1,10,1,3,0
29,0,11,1,8,1
45,2,2,1,0,0
41,1,28,0,0,0
29,2,23,0,2,0
52,2,5,1,0,0
18,2,30,0,0,1
44,1,18,0,0,1
43,1,24,1,0,0
30,1,4,0,0,0
39,1,12,0,2,1
16,2,19,0,0,1
48,1,5,0,4,1
32,2,15,1,0,1
27,0,14,0,0,0
50,0,8,0,3,0
24,4,10,0,0,0
13,1,28,1,0,0
11,1,10,1,0,1
44,1,8,0,0,0
15,0,16,1,2,1
61,2,19,0,0,0
3,0,21,1,1,1
60,1,22,0,0,0
38,1,2,1,0,0
33,3,12,0,9,0
26,1,22,0,2,1
40,0,25,0,0,0
34,1,18,1,0,1
51,0,4,0,0,0
36,0,12,1,1,0
37,0,4,0,2,1
29,1,21,0,2,0
34,0,4,0,0,0
39,1,7,1,2,0
9,3,13,0,0,1
14,2,14,1,0,0
46,0,13,1,0,0
37,0,14,1,7,0
32,2,20,0,2,0
35,3,12,1,0,0
40,0,16,1,1,1
26,2,10,0,6,1
23,1,11,1,0,0
37,1,18,0,0,1
20,4,15,0,8,1
41,2,21,0,3,1
9,2,17,0,0,0
50,1,23,0,0,0
42,1,14,0,0,1
38,2,15,1,0,0
49,1,19,0,8,0
59,1,8,0,0,1
50,0,12,0,4,0
7,0,18,0,0,0
15,1,2,1,0,0
25,2,13,0,0,1
35,3,18,1,2,0
42,1,28,0,0,1
24,2,25,1,0,0
37,0,9,0,0,0
23,3,15,0,0,0
25,1,4,1,0,0
13,2,8,0,0,0
21,2,22,1,0,0
14,0,5,1,0,1
20,1,9,0,0,0
50,4,26,0,0,0
20,0,23,0,0,0
74,2,22,1,0,1
42,4,24,1,0,0
37,1,21,0,2,0
22,2,5,0,0,1
45,3,15,0,0,0
26,2,14,1,0,0
36,0,10,0,4,0
73,1,24,0,1,1
33,0,14,1,1,0
52,2,4,0,0,0
24,2,9,0,0,1
34,2,8,1,9,0
61,1,25,1,2,1
25,0,19,0,0,0
62,2,17,0,2,0
45,2,15,0,2,0
26,3,19,0,0,0
44,2,22,1,0,1
49,2,16,0,0,0
44,2,26,1,0,0
11,2,29,1,1,1
24,1,30,0,0,0
31,3,19,0,2,1
33,2,26,0,9,1
44,1,13,1,0,1
37,0,24,1,0,1
14,0,26,0,2,0
40,1,25,1,2,1
44,0,23,0,2,1
43,0,13,1,0,1
51,1,6,0,0,0
47,0,11,0,0,1
41,2,22,1,8,1
33,1,8,0,0,1
10,1,14,0,6,0
41,0,17,0,0,0
38,1,18,0,9,1
39,1,26,0,1,0
15,2,19,1,0,0
18,2,22,0,0,1
50,0,17,0,0,0
34,2,24,1,0,0
45,0,9,0,0,0
35,4,8,0,0,0
35,4,26,1,0,0
49,1,20,1,2,0
27,2,19,1,0,0
36,2,14,1,0,0
28,2,12,0,3,1
28,2,16,1,0,0
30,4,5,0,8,0
38,2,14,1,1,0
27,2,14,0,0,1
53,2,16,1,0,1
21,2,18,1,1,0
32,2,27,1,0,0
28,0,19,0,0,0
56,1,25,0,0,1
37,0,16,1,0,0
50,1,18,1,0,0
12,1,4,0,0,1
39,5,6,1,0,1
48,2,17,1,1,0
36,2,12,0,0,1
50,1,23,1,0,0
27,2,16,0,0,1
56,2,25,0,0,0
69,2,28,0,0,0
29,0,6,0,0,1
28,1,12,1,0,0
56,2,19,0,0,0
58,1,10,1,0,0
27,3,9,1,0,0
28,3,23,1,0,0
30,4,29,0,0,1
14,2,22,1,3,0
21,4,16,0,2,0
19,2,14,0,0,0
23,0,16,0,0,0
34,1,14,0,0,0
38,0,15,1,4,0
58,0,7,0,0,0
20,0,25,1,9,0
49,0,22,0,1,1
31,2,20,0,1,0
34,1,27,1,0,0
45,1,9,1,0,0
18,2,4,0,0,1
40,2,23,0,0,0
37,4,30,0,0,1
42,2,17,0,4,0
39,1,4,1,0,0
71,1,22,1,0,1
25,0,4,0,0,1
27,0,16,1,1,0
25,1,9,0,1,0
26,5,26,0,0,0
25,0,14,0,0,1
52,0,25,1,0,1
56,0,10,0,0,0
26,2,12,0,0,0
22,1,26,0,7,0
42,1,7,0,0,0
26,0,17,1,0,0
44,1,12,0,0,1
38,0,22,0,2,0
12,1,5,1,0,0
58,0,13,1,0,0
61,2,20,1,1,0
25,1,13,0,0,0
29,2,4,0,2,0
39,1,20,0,0,0
40,1,15,0,2,1
44,0,0,1,0,1
65,1,18,0,0,0
32,1,26,0,5,0
23,1,5,0,0,0
14,2,17,0,0,0
24,2,21,1,0,0
34,2,4,0,0,0
61,0,1,0,0,0
27,2,14,0,9,0
38,0,22,0,9,1
34,2,6,0,0,1
52,1,24,1,0,1
72,0,19,0,0,0
27,2,11,1,1,1
27,2,15,1,0,1
50,1,28,1,0,1
45,0,8,1,0,0
62,1,15,0,0,1
43,3,18,0,0,0
29,2,6,0,0,0
43,4,3,1,2,0
51,0,1,1,0,1
47,1,11,1,0,1
42,2,4,0,0,0
51,1,23,1,0,0
52,0,30,0,0,0
55,1,4,0,0,0
44,2,13,0,8,0
32,2,1,0,0,0
37,2,6,0,0,1
53,2,10,0,0,0
22,2,12,0,8,0
40,0,26,1,2,1
29,1,12,1,5,1
35,2,15,1,0,1
54,4,8,0,9,0
37,0,0,1,0,1
35,1,25,1,0,0
14,1,4,0,3,1
46,0,28,0,6,1
44,1,6,0,0,1
67,2,18,0,0,0
30,0,30,1,0,0
38,2,6,1,0,1
38,2,13,0,0,1
58,4,22,1,8,0
33,0,2,1,1,1
39,2,20,1,2,0
44,1,4,0,2,0
37,1,8,1,0,1
28,1,6,0,2,0
37,2,25,0,0,0
51,0,7,0,0,1
19,4,3,0,0,0
36,2,17,1,0,0
24,2,11,0,2,1
52,2,13,0,9,1
12,1,5,0,0,0
26,2,21,1,2,0
40,1,18,0,0,0
58,3,12,1,2,1
34,0,7,0,0,0
26,0,17,0,0,1
63,1,22,0,0,1
13,1,10,0,0,0
2,1,1,0,0,0
41,1,8,0,6,1
27,2,20,1,0,0
19,1,30,1,6,0
45,1,1,0,1,1
38,0,10,0,0,1
26,1,4,1,0,0
15,1,10,0,1,0
48,2,13,0,0,1
44,0,26,1,1,1
33,0,4,1,0,0
62,1,22,0,0,0
18,1,12,0,9,0
12,1,23,0,0,1
24,2,15,1,0,0
34,1,3,0,0,1
38,1,26,0,2,1
31,2,4,0,2,1
40,0,18,0,0,1
16,2,25,1,0,1
56,1,4,1,0,0
33,1,16,1,0,0
51,2,23,0,0,1
40,0,29,0,9,0
41,2,21,0,0,0
43,1,9,0,0,0
41,2,20,1,4,0
44,2,20,0,0,1
54,2,20,0,0,1
37,2,24,0,0,0
45,2,4,1,0,1
33,1,5,0,7,0
56,1,19,0,0,1
24,0,27,0,0,0
62,0,14,1,0,1
34,2,27,0,5,0
13,0,26,1,0,0
36,0,25,1,0,1
24,2,26,0,8,0
47,0,25,1,0,1
25,0,23,0,1,0
28,1,20,1,0,0
6,2,1,0,1,0
28,2,6,0,0,0
-1,1,6,0,0,0
11,1,1,0,1,1
46,2,5,1,0,0
46,1,26,0,0,1
41,2,19,1,0,0
20,3,10,0,0,1
34,1,23,1,8,0
34,1,15,0,0,0
17,0,6,0,8,1
57,2,25,0,0,0
48,0,11,1,0,0
31,1,20,0,0,0
35,2,10,0,2,0
38,1,15,0,2,0
4,0,23,1,0,0
31,2,6,0,5,0
24,0,29,0,0,1
19,2,4,0,0,1
30,2,16,1,9,0
61,0,26,1,4,0
44,3,26,0,7,1
26,0,8,0,0,1
43,4,6,0,0,1
55,0,21,0,0,1
48,0,3,0,0,0
35,0,15,1,2,1
25,0,23,0,0,1
45,2,17,1,1,0
40,2,7,0,0,0
48,2,15,1,0,0
44,0,26,0,1,1
50,1,18,0,0,0
26,2,21,0,2,0
54,1,11,0,0,0
37,2,7,0,2,0
66,2,9,1,0,0
24,0,16,1,0,1
61,2,9,0,1,0
37,2,16,0,3,1
25,2,20,0,0,1
27,0,21,0,0,1
30,0,6,0,0,1
41,1,21,1,0,0
42,0,19,1,2,0
26,0,0,1,2,0
34,2,4,0,0,1
67,2,19,1,0,0
60,1,12,1,2,0
41,0,6,0,0,1
35,3,3,0,0,1
36,0,6,1,0,1
44,2,27,0,0,1
19,4,21,0,0,0
31,2,16,0,2,0
9,5,26,0,0,0
40,2,18,0,0,1
44,0,21,1,2,0
27,0,9,1,0,0
58,1,17,1,0,1
16,0,6,0,0,0
13,2,13,1,0,1
38,0,2,0,5,1
50,2,8,0,2,1
60,1,4,0,0,0
28,1,12,0,1,0
51,4,24,0,0,1
34,0,12,0,5,1
32,2,24,0,0,0
48,2,19,0,0,0
44,0,15,1,0,0
11,1,8,0,0,1
57,1,26,1,0,0
55,2,4,0,0,0
25,2,20,0,2,1
40,1,18,1,0,0
42,2,13,0,8,1
38,0,8,0,0,0
26,2,13,1,1,0
24,2,25,0,7,0
34,2,24,1,1,0
52,2,26,0,3,0
43,1,10,0,2,0
29,4,12,0,0,0
46,1,1,0,0,1
-7,2,26,1,0,0
52,0,11,1,0,1
8,4,13,0,0,0
29,2,25,0,1,0
18,2,16,1,0,0
15,0,17,0,0,0
52,2,7,0,0,0
27,2,15,0,9,0
40,2,26,0,0,0
34,0,17,1,0,1
42,1,9,1,0,0
36,0,2,0,8,0
15,1,11,0,9,0
49,0,17,0,1,1
27,1,3,0,4,0
11,0,18,0,0,1
28,0,16,1,8,0
57,0,22,0,0,1
47,3,2,0,0,0
29,1,22,0,0,1
29,1,16,0,0,0
30,1,12,0,2,0
66,2,28,1,0,0
40,3,6,0,8,0
41,0,16,1,0,1
50,0,10,0,0,0
38,4,16,0,0,0
31,1,16,0,1,0
32,0,4,0,2,0
33,0,19,0,0,0
34,0,18,0,0,0
45,4,22,1,0,0
35,0,4,1,1,0
45,3,10,0,9,0
33,5,19,0,0,0
36,2,6,0,4,0
5,0,20,0,0,0
48,0,4,0,0,0
40,1,11,1,7,1
49,1,24,0,0,1
-8,2,22,0,0,1
66,1,19,0,0,0
32,3,25,0,0,1
51,1,20,1,2,0
19,2,15,0,0,0
44,3,29,0,5,0
19,0,20,1,0,1
25,0,18,0,0,1
63,0,13,1,0,0
32,0,25,0,0,0
38,1,10,0,9,1
48,1,0,1,1,1
42,1,7,0,0,1
37,4,5,0,4,0
40,0,10,0,2,0
71,1,23,0,0,0
34,0,19,1,2,1
38,1,7,1,0,1
50,1,22,1,0,0
51,4,15,1,0,0
52,1,15,0,0,1
44,0,11,0,0,1
17,1,24,0,0,1
59,0,10,0,0,0
17,0,5,0,2,1
39,2,10,1,9,1
23,0,21,0,2,0
34,1,19,0,0,1
39,2,7,0,0,0
39,1,5,1,0,1
41,0,19,1,0,1
59,4,20,1,0,0
41,1,12,0,0,0
31,2,24,1,1,0
49,1,29,0,1,1
52,1,7,1,0,1
16,1,17,0,0,0
43,1,0,0,1,1
45,0,20,0,0,0
30,1,13,1,0,0
55,2,7,0,0,0
32,2,21,1,0,1
36,0,23,0,0,0
32,1,5,0,2,1
35,3,3,0,3,0
18,2,11,0,0,1
13,0,18,0,0,0
58,2,23,0,1,1
22,1,16,1,0,0
20,1,17,0,0,1
2,1,23,1,0,1
25,2,16,0,0,1
15,3,18,1,2,1
59,3,15,0,2,1
50,0,25,0,0,0
24,3,8,0,0,1
68,0,9,0,0,1
49,0,5,1,0,0
30,1,23,0,9,1
-2,1,13,0,1,1
69,2,11,1,0,1
14,1,29,0,2,1
10,3,26,1,2,0
50,0,28,0,2,0
71,0,6,1,0,0
55,3,25,0,0,0
43,0,11,0,1,1
43,2,0,0,0,0
47,2,12,1,9,0
46,1,15,0,1,1
39,2,5,0,7,1
36,0,16,1,0,0
34,2,23,1,3,0
23,0,12,1,0,0
30,1,11,1,9,0
9,0,11,0,0,1
33,1,26,0,0,1
20,2,3,1,2,0
18,4,14,1,0,1
37,2,9,0,0,0
55,1,25,0,9,1
48,3,5,1,0,0
11,1,13,0,0,1
20,1,13,0,0,0
49,2,25,0,2,0
20,1,8,0,1,0
31,2,19,1,0,0
43,0,6,0,0,1
20,1,27,1,0,0
36,2,17,0,0,1
14,3,18,0,0,1
25,2,13,1,0,1
39,1,11,0,0,1
11,2,8,0,0,0
41,1,18,0,1,0
34,1,27,0,0,1
43,3,11,0,0,0
38,3,25,1,0,0
55,3,6,1,0,1
36,0,26,1,1,0
28,2,11,0,1,1
36,4,12,0,0,1
43,1,14,0,0,0
35,1,21,0,0,1
35,2,21,0,0,0
24,1,14,0,7,0
25,5,16,1,0,1
13,1,2,0,0,1
61,2,10,0,0,1
16,2,11,1,0,1
24,1,17,0,1,0
24,2,16,1,1,1
48,1,20,1,3,0
30,1,21,1,0,0
53,0,8,0,0,0
24,1,22,1,0,1
39,2,1,0,1,0
22,3,21,1,0,1
67,0,5,0,0,1
17,1,21,0,1,0
39,0,16,0,0,0
44,2,13,0,4,0
41,4,20,1,0,0
32,2,2,1,2,1
33,2,8,1,0,0
35,1,18,0,1,1
32,0,24,1,5,1
49,2,12,0,0,0
68,2,9,1,2,1
26,2,15,1,1,0
14,3,18,0,0,0
33,2,13,1,0,0
73,2,25,0,0,0
22,3,16,0,8,0
59,4,2,0,2,1
60,1,8,0,0,0
26,0,14,1,0,1
43,1,20,0,0,0
59,2,8,0,0,0
29,0,29,0,0,0
31,0,10,1,0,1
26,0,16,1,0,0
19,2,1,1,0,0
25,1,25,1,2,0
16,1,22,0,6,1
35,0,7,0,2,0
23,2,26,0,2,1
38,1,10,0,0,0
11,0,20,1,0,1
39,2,23,0,0,0
47,1,21,1,2,0
5,1,26,0,7,0
40,2,24,0,1,1
53,0,30,0,4,0
16,2,7,1,1,1
60,0,10,1,0,0
41,0,18,1,0,0
24,2,21,0,0,0
34,2,16,1,0,0
43,0,4,0,1,1
36,0,24,0,0,1
43,2,27,1,0,1
21,2,13,0,0,0
37,1,8,1,0,0
13,2,1,0,0,1
33,0,8,0,0,0
21,1,20,1,0,1
23,0,26,0,2,0
53,1,5,1,0,1
51,0,16,0,0,1
44,1,20,1,5,1
18,1,9,0,3,0
30,1,17,0,4,0
53,0,21,0,0,0
37,1,24,0,0,1
69,2,14,1,0,1
40,1,21,0,0,0
37,2,10,0,5,0
30,1,8,0,1,0
37,1,7,0,0,1
32,1,11,1,0,0
45,4,2,1,0,1
49,0,9,0,0,0
23,0,19,1,1,0
15,2,19,0,3,1
7,4,4,0,7,0
42,4,10,1,0,0
18,1,17,0,0,0
2,1,10,1,0,0
40,2,13,1,0,0
72,1,20,0,5,0
34,2,0,1,0,1
47,2,9,1,1,0
36,2,6,0,0,1
33,1,5,1,0,1
48,1,27,0,0,1
30,2,12,1,0,1
39,1,16,1,1,0
39,1,21,0,0,0
24,0,3,0,1,1
49,0,8,1,2,0
32,1,24,0,0,0
23,2,24,0,2,0
43,0,12,0,0,0
21,1,12,0,1,0
35,1,22,0,2,0
34,0,10,0,9,0
51,4,5,0,0,1
42,2,9,1,0,0
34,0,12,0,0,1
47,2,4,0,0,0
55,1,14,0,1,1
43,5,21,0,6,0
35,1,15,0,0,0
15,0,4,0,0,0
19,1,13,0,0,0
30,2,20,1,0,1
25,0,4,1,0,1
32,2,4,1,0,0
35,0,12,1,1,0
42,3,7,1,0,0
33,0,26,0,0,0
42,3,17,1,2,0
35,1,10,0,0,1
5,1,20,1,0,0
20,4,12,1,1,1
32,5,6,0,1,1
16,2,8,0,0,1
43,0,19,0,0,0
57,1,3,1,2,1
53,1,9,1,2,1
31,1,8,1,0,0
57,1,7,0,0,0
37,0,20,1,0,1
29,2,23,0,0,1
25,2,21,1,0,0
30,0,19,0,0,0
29,1,26,0,0,0
37,1,4,0,2,0
37,2,6,1,0,0
35,0,13,1,2,0
41,2,12,0,2,1
52,0,13,0,0,1
49,1,7,1,1,1
12,2,6,0,2,0
-3,2,15,1,0,1
49,0,26,0,0,0
14,1,12,0,0,0
31,4,3,1,6,1
17,0,20,1,1,0
7,2,10,0,0,0
43,2,8,0,1,0
46,2,10,1,0,0
26,0,21,0,0,1
-3,0,23,1,1,1
26,3,17,0,0,1
40,1,10,0,2,1
12,0,10,1,1,1
37,2,5,1,0,1
34,0,26,0,0,0
43,2,19,1,2,1
36,2,2,0,6,0
20,2,19,0,0,1
52,2,14,1,0,0
32,0,28,1,0,1
34,1,23,1,2,1
21,2,7,0,1,1
28,1,21,0,0,1
21,4,15,0,4,0
32,2,7,0,0,0
60,0,20,1,2,0
14,2,16,0,0,0
10,0,2,1,0,0
57,0,19,0,0,0
31,2,18,0,0,0
24,2,6,0,1,1
50,1,11,0,0,1
25,0,17,0,0,0
62,1,6,1,0,0
45,1,24,0,0,0
27,1,2,1,1,0
67,0,5,0,1,0
25,2,5,1,0,0
46,3,16,0,0,0
39,1,18,1,0,0
54,0,13,0,5,0
58,2,10,1,5,0
35,2,23,1,1,1
23,3,4,0,6,1
41,0,9,0,2,0
24,0,3,0,2,0
65,1,1,1,0,0
37,2,11,0,0,0
29,1,7,0,0,0
37,2,9,0,0,0
14,0,23,0,0,0
20,1,6,1,0,0
53,2,22,0,0,1
25,1,19,1,0,0
19,2,11,1,0,0
43,1,16,0,0,0
52,1,14,1,6,0
45,1,5,0,2,1
49,1,25,1,1,1
23,0,17,0,0,0
13,2,25,1,0,1
57,2,23,0,0,0
30,1,4,0,5,0
31,0,7,0,0,0
54,4,6,0,0,1
43,0,23,1,2,0
41,0,24,0,0,0
67,1,16,1,0,0
25,2,5,0,0,1
48,0,6,1,0,1
35,1,23,0,0,1
39,1,26,0,0,1
57,0,7,0,1,1
42,1,0,1,2,1
43,2,11,0,0,1
51,2,2,1,4,1
29,0,23,1,0,0
22,0,15,0,0,0
19,2,19,1,0,1
5,2,13,0,0,1
65,1,11,0,0,1
18,2,8,1,0,1
31,0,22,1,2,1
30,1,20,1,0,0
39,0,11,0,0,0
47,2,10,0,6,0
47,1,0,0,0,0
26,2,4,1,0,0
32,2,18,0,1,0
39,2,15,1,0,0
31,0,13,0,0,1
59,0,23,0,0,0
42,4,15,0,0,1
46,2,12,0,0,1
44,2,6,0,0,0
52,0,23,1,6,0
37,1,17,1,2,1
15,2,5,0,0,1
40,0,19,0,1,0
25,1,13,0,5,0
27,1,23,1,0,0
43,0,26,0,0,0
53,0,18,1,0,0
35,0,21,0,2,0
39,0,4,0,0,0
60,2,17,1,9,1
38,0,22,0,0,1
74,0,15,0,0,1
43,3,17,0,0,1
8,1,25,0,0,1
46,1,7,0,2,0
40,2,5,1,7,0
54,3,20,1,0,1
45,0,23,0,7,1
32,1,24,1,2,0
16,2,19,0,0,0
31,1,24,0,1,1
22,2,20,0,0,0
26,4,4,0,0,0
43,4,22,0,0,1
60,0,7,1,1,0
40,0,8,0,0,1
17,4,12,0,2,1
41,1,10,0,2,0
52,0,10,1,0,0
25,2,7,1,0,0
32,0,10,0,0,0
35,0,1,0,0,1
23,2,14,0,0,0
44,0,22,0,0,0
33,0,24,0,0,0
41,0,23,0,0,0
21,2,13,0,0,0
28,0,21,0,0,1
45,1,10,0,2,0
29,2,4,1,8,0
60,2,20,1,0,0
29,0,19,0,0,1
38,2,23,0,0,0
48,0,18,0,0,1
13,2,6,0,0,0
8,1,24,1,0,1
12,0,18,0,6,0
53,2,23,1,0,1
26,0,22,1,2,0
73,0,10,0,0,1
26,1,4,0,0,0
37,2,7,0,0,1
58,0,5,0,0,1
65,0,8,0,0,0
65,0,14,0,0,0
53,1,25,1,0,1
50,1,25,0,0,0
43,0,21,0,1,1
46,0,1,1,6,0
26,1,11,1,0,0
22,2,20,0,0,1
34,2,5,1,0,0
32,2,23,0,3,1
28,0,26,0,0,1
45,4,11,0,0,0
49,1,20,0,0,1
36,5,6,1,0,1
57,0,20,1,0,0
17,1,1,1,7,1
32,1,6,0,4,0
24,1,20,0,0,0
7,2,20,0,0,0
33,2,19,0,0,1
33,5,14,1,0,0
57,2,19,1,4,0
44,1,22,0,0,0
19,0,28,0,0,0
62,5,25,0,0,1
53,1,23,0,2,1
43,2,20,0,0,0
31,1,17,0,0,0
20,1,5,0,0,0
29,4,6,0,0,0
51,0,23,0,8,0
63,0,23,0,0,0
58,0,18,1,0,0
27,2,13,0,0,0
18,0,2,1,2,0
37,0,11,0,0,1
8,1,13,0,0,0
39,1,15,0,0,1
32,1,26,0,1,0
28,0,5,1,1,0
11,4,15,0,4,0
42,4,12,1,0,1
27,0,30,1,0,1
17,2,24,0,8,1
-8,1,13,0,0,1
34,0,30,1,0,0
61,0,15,0,1,1
59,1,6,1,0,1
28,1,16,0,0,1
25,0,8,0,2,1
42,2,18,0,2,1
20,1,26,0,0,0
39,2,22,1,0,1
46,0,9,0,0,1
53,1,10,1,0,1
33,1,4,0,0,0
31,1,10,0,0,0
21,2,5,0,7,1
22,2,15,0,2,1
31,1,20,0,1,1
40,2,21,0,0,0
48,4,4,1,0,1
22,2,11,0,8,0
57,0,10,0,0,1
30,2,5,1,0,0
34,0,11,1,0,1
23,2,10,0,4,0
-1,1,18,0,4,0
48,1,25,1,0,0
46,0,14,0,4,0
30,1,21,0,0,1
36,3,6,0,0,1
42,0,25,1,2,1
11,1,6,0,3,0
27,3,7,1,0,1
46,1,5,0,0,0
16,1,10,1,2,1
39,1,16,0,2,1
14,1,30,0,4,0
41,0,23,1,0,0
34,0,12,0,8,0
10,2,17,0,9,1
52,3,18,0,0,0
23,0,23,0,2,1
22,0,21,0,0,0
38,1,17,1,0,1
52,2,19,0,0,1
19,0,21,0,0,0
35,2,6,0,0,1
41,0,7,1,3,1
45,4,20,1,0,1
37,1,24,0,0,0
29,2,13,0,7,0
22,1,29,1,0,0
36,2,8,0,0,0
18,0,13,1,0,0
-8,0,12,1,0,0
41,1,26,1,0,1
48,2,9,0,2,0
0,2,14,1,0,1
19,1,7,1,2,0
44,1,16,0,0,1
65,0,24,0,0,1
35,2,10,0,1,0
24,2,23,0,1,1
32,2,26,0,0,0
55,1,4,0,0,1
25,4,22,0,0,0
23,2,9,0,0,0
27,2,7,0,0,0
20,1,18,1,1,0
36,2,20,1,0,0
59,1,12,0,2,0
39,1,3,0,0,0
31,1,25,0,0,1
30,1,21,1,0,0
11,1,9,1,0,0
48,1,15,1,4,0
33,0,2,0,0,1
32,2,11,1,0,0
82,1,16,0,2,0
39,0,15,1,0,0
23,1,8,0,0,0
28,2,22,1,0,0
52,2,10,0,1,0
36,1,17,1,8,0
13,3,9,1,4,0
48,0,13,0,0,0
24,4,7,0,9,0
63,0,18,1,0,0
51,0,13,0,0,1
28,1,1,0,2,0
54,1,2,0,0,1
36,1,14,0,0,0
47,2,7,0,0,0
42,2,17,0,0,1
22,1,13,0,1,0
25,1,19,0,0,0
50,0,27,1,0,0
29,0,16,1,0,0
28,2,22,1,6,1
20,0,21,0,2,0
41,2,26,1,0,0
65,1,8,0,9,1
18,0,23,0,1,1
35,1,25,1,0,1
56,0,12,1,0,0
33,1,10,1,0,1
41,2,27,1,1,1
19,1,18,0,0,1
41,0,12,0,0,1
32,2,22,1,0,1
49,0,10,0,6,0
52,2,7,0,0,0
73,1,16,1,5,1
43,1,17,1,7,0
39,2,23,0,0,0
37,2,14,1,0,0
29,0,23,1,0,1
40,0,10,1,5,0
30,2,17,0,0,1
37,0,8,0,0,0
54,1,12,0,0,0
19,2,24,0,0,0
52,2,8,0,7,0
54,2,23,0,1,1
33,2,9,0,3,1
3,2,2,1,0,1
25,2,5,0,0,0
54,2,21,1,8,0
34,1,9,1,0,0
20,1,19,0,7,0
27,2,20,1,0,0
47,2,11,0,0,1
43,0,14,0,1,0
31,1,13,1,9,0
29,3,26,0,8,1
29,1,10,1,0,0
21,0,7,0,0,1
59,2,12,1,0,1
30,5,19,0,0,0
53,2,20,1,1,0
57,2,26,0,0,1
49,0,25,1,8,0
28,2,10,1,1,0
41,1,14,0,2,1
34,2,21,1,0,0
21,1,26,0,0,0
39,0,11,1,8,1
17,1,14,0,0,1
52,0,25,1,3,0
28,2,11,1,7,0
38,4,14,0,1,0
39,2,25,0,0,0
31,2,23,0,0,1
43,1,8,1,0,1
27,2,11,0,0,1
48,2,11,0,0,0
14,2,26,1,0,0
36,1,30,0,0,0
64,2,22,1,0,0
19,2,15,0,0,0
24,0,0,0,0,0
42,2,20,1,0,0
37,4,12,0,1,1
40,1,18,0,0,1
42,2,18,1,0,0
44,2,15,0,0,0
51,2,26,1,2,1
41,1,1,1,0,1
31,2,20,0,1,0
45,1,13,0,7,1
63,0,20,1,2,1
33,2,19,0,0,0
20,2,0,0,1,0
51,2,9,1,0,0
33,0,7,0,0,0
2,0,6,1,9,0
47,3,21,0,0,1
26,0,8,0,6,1
33,2,14,0,0,0
39,2,9,1,9,0
37,2,17,1,0,1
45,0,21,1,0,0
28,2,11,0,0,0
42,2,18,0,0,1
31,1,23,0,0,0
46,1,5,0,2,0
44,1,20,0,0,0
20,0,10,1,2,0
51,3,5,0,0,0
26,2,16,1,0,0
47,5,8,0,8,0
40,1,23,1,0,0
62,2,3,0,0,0
31,0,5,0,0,0
29,2,16,0,0,0
34,2,17,0,5,1
30,3,21,0,1,0
46,2,9,0,0,1
10,3,24,0,3,0
19,2,27,1,0,0
18,2,15,1,0,1
49,0,22,1,7,0
60,2,16,0,0,1
33,2,4,1,2,0
32,1,11,0,1,0
36,0,4,0,2,1
52,2,30,0,7,0
21,1,8,0,0,0
38,1,18,0,0,1
49,2,9,0,0,1
42,3,19,0,1,0
37,2,8,1,0,0
50,1,22,1,0,0
-5,1,5,1,0,0
45,0,25,1,8,0
25,1,24,0,1,1
7,0,20,1,0,0
42,4,4,1,0,1
55,1,8,0,0,0
32,0,24,0,0,0
49,1,5,1,0,1
59,1,6,0,5,0
54,1,16,1,9,0
59,0,9,0,0,0
46,4,8,0,0,1
36,0,17,0,0,0
10,0,12,0,0,0
31,0,6,1,0,1
22,1,16,1,0,0
67,0,12,0,0,1
32,0,21,0,2,0
36,1,5,1,1,0
43,2,18,1,0,1
35,0,13,0,0,1
60,1,13,0,5,1
25,1,8,1,8,1
37,0,2,1,0,0
23,1,24,0,0,0
15,0,11,0,0,0
25,0,20,1,0,1
34,1,26,1,0,1
28,0,17,0,0,1
24,0,12,0,0,0
13,1,9,1,0,0
33,3,26,0,0,0
12,2,20,0,8,1
46,2,19,0,0,0
36,2,13,0,1,1
13,4,24,1,0,0
30,2,20,0,0,0
23,2,9,1,0,0
39,1,18,0,0,0
55,0,13,0,0,0
6,2,0,0,0,0
36,5,23,1,0,0
32,1,5,1,1,0
45,2,15,0,0,1
38,1,11,1,1,1
23,1,11,1,0,0
30,1,14,1,0,0
23,1,30,0,0,0
51,1,13,1,1,1
35,2,7,0,9,0
63,2,18,0,7,0
34,2,8,1,0,1
24,0,5,0,4,0
12,3,3,0,0,1
7,1,1,0,7,0
11,1,13,1,0,0
39,2,13,1,0,0
42,1,7,0,0,1
11,0,22,1,0,1
48,1,5,0,1,0
27,2,26,0,7,0
37,1,17,1,0,0
59,2,2,0,1,1
48,2,28,0,2,0
30,2,10,0,0,1
21,3,14,1,0,0
2,1,9,0,0,0
24,0,21,1,0,0
31,1,15,1,0,1
20,1,6,0,0,1
33,2,5,1,0,0
36,0,21,0,0,0
31,1,8,0,5,0
25,2,6,1,0,0
37,2,15,1,0,1
41,2,23,0,0,0
18,2,9,0,0,1
56,2,9,0,0,1
33,2,24,0,0,1
35,1,6,0,0,1
45,4,18,0,0,0
38,1,27,1,0,1
49,0,24,0,0,0
39,0,4,0,1,0
25,2,10,1,0,1
40,3,6,1,0,0
17,0,27,0,0,1
36,0,29,0,2,1
34,2,8,1,0,1
31,3,19,0,1,0
33,0,24,0,2,1
6,1,8,1,0,0
26,2,7,0,0,1
36,1,0,0,0,0
37,2,13,0,0,0
19,0,25,0,0,0
53,0,25,0,0,0
22,0,5,1,0,0
49,0,7,0,0,0
41,0,13,0,2,0
25,0,22,0,0,1
61,2,18,1,6,0
17,0,15,0,7,0
48,3,17,0,8,0
50,1,5,1,2,1
24,2,14,0,0,0
55,0,30,0,0,0
31,0,4,0,0,0
39,1,15,0,0,0
38,1,10,0,2,0
32,2,16,1,9,0
47,2,17,0,0,1
46,2,17,0,0,0
8,1,24,0,0,0
54,2,12,0,0,0
10,2,15,0,0,0
50,5,0,1,0,1
51,2,22,0,2,0
18,0,9,1,0,1
28,1,23,0,6,1
18,1,9,0,0,0
31,2,0,0,2,1
30,1,6,0,0,0
46,2,29,0,3,1
54,0,10,0,1,0
55,0,5,1,0,0
26,0,5,0,0,0
31,1,10,0,6,0
9,2,2,0,0,0
22,1,15,0,0,0
49,2,8,0,0,0
59,0,15,0,1,0
16,0,6,0,2,0
26,2,13,1,0,0
34,1,18,1,0,0
39,2,4,0,9,0
22,2,12,0,2,0
41,2,10,1,5,0
27,0,8,0,0,0
34,1,18,0,0,1
43,2,17,0,0,0
35,2,18,0,1,0
28,2,6,0,0,0
33,0,9,0,0,0
33,0,8,0,0,0
29,1,16,0,0,0
31,2,14,1,2,0
58,1,11,0,0,0
43,0,22,0,1,1
30,2,5,0,6,0
45,1,29,1,0,0
29,0,5,1,1,1
52,0,22,1,8,0
40,1,12,0,8,1
33,1,24,1,0,1
41,1,4,1,0,0
11,0,12,0,0,0
18,0,11,0,1,1
17,0,30,0,1,1
37,2,29,1,1,1
60,0,7,0,0,0
68,1,18,0,0,0
44,0,16,1,0,1
42,0,6,1,0,0
7,0,6,1,1,1
26,0,30,1,0,0
23,2,14,0,0,1
25,1,5,1,0,0
32,2,8,0,0,0
27,0,9,1,0,1
5,0,15,0,0,0
46,1,11,1,0,0
18,2,14,1,0,0
38,1,6,1,0,1
66,1,11,0,2,1
21,1,4,0,0,0
-2,0,25,1,1,0
30,3,7,0,1,0
51,1,22,1,0,1
64,2,11,0,8,0
16,2,14,1,0,0
42,1,10,0,1,0
28,0,20,1,8,0
33,2,24,1,3,1
74,0,10,0,0,0
12,1,8,0,0,0
38,2,20,0,0,0
42,2,7,0,0,1
51,2,19,0,1,0
36,2,5,1,0,0
39,0,18,0,0,0
29,1,15,0,1,1
39,0,5,0,0,0
29,2,19,0,3,0
44,4,14,0,2,0
29,0,8,1,0,0
40,0,11,1,0,1
34,1,15,0,0,0
51,2,5,0,0,1
34,1,27,1,7,0
8,0,19,0,4,0
53,4,5,0,0,0
21,2,23,0,0,1
25,0,10,0,0,0
26,3,17,1,0,1
55,1,9,1,0,0
2,1,21,0,0,0
82,1,21,0,0,1
50,2,16,1,0,1
38,2,8,1,0,0
34,0,9,1,8,0
39,4,12,1,1,0
42,0,6,0,0,0
44,2,11,1,0,0
43,2,20,1,0,0
36,0,23,0,0,0
32,0,11,1,0,0
32,2,8,0,2,1
32,1,24,0,0,1
52,2,25,0,0,0
43,1,13,0,0,1
-9,2,2,0,6,0
44,1,20,0,6,0
37,0,22,0,0,0
34,1,1,0,0,0
29,2,17,0,0,1
51,1,17,0,0,0
49,0,12,1,0,0
23,3,21,0,0,0
41,2,13,0,0,1
20,0,20,1,0,1
14,5,15,1,0,1
25,2,9,1,4,0
47,0,18,0,0,0
49,0,21,0,1,0
42,2,28,1,0,0
45,2,12,0,0,0
42,0,4,0,0,1
25,0,30,0,1,0
41,1,18,1,0,0
47,2,26,0,0,1
46,0,5,1,0,1
52,0,11,1,0,0
45,2,6,0,8,0
40,2,24,1,0,0
51,1,25,1,0,1
34,1,15,1,0,1
21,1,7,0,3,0
32,1,5,1,0,1
23,4,17,0,1,1
24,2,15,1,3,0
32,0,20,0,0,1
23,1,10,0,0,0
30,1,12,1,0,0
6,2,1,1,2,0
38,1,18,0,0,0
35,2,13,0,0,1
22,2,26,0,1,1
44,1,19,1,0,1
49,2,12,1,0,0
10,2,9,1,0,0
23,2,25,0,0,0
23,4,1,0,0,0
20,0,11,1,0,0
47,0,26,1,5,0
32,2,19,0,0,0
31,2,16,1,3,0
4,3,7,0,1,0
44,0,24,0,0,0
16,2,7,0,1,1
35,0,9,0,0,0
39,1,7,0,9,0
55,0,6,0,4,1
15,0,27,0,0,1
-10,0,18,1,0,1
37,2,19,0,0,0
62,1,27,0,0,0
53,0,8,0,0,1
38,1,0,0,0,1
27,0,18,1,0,0
47,4,15,0,0,0
20,1,14,1,2,0
42,1,4,1,2,0
42,2,14,0,0,0
50,2,10,0,3,0
76,2,9,0,0,1
40,2,8,0,0,0
27,4,11,1,0,1
34,0,11,0,0,0
8,4,10,0,0,0
24,2,29,0,5,0
28,1,26,0,8,1
27,2,17,0,0,0
37,2,29,0,2,0
22,0,30,0,0,1
51,0,11,0,0,0
35,4,14,1,1,1
34,1,27,1,0,1
30,1,18,0,0,1
37,2,8,0,0,0
47,1,20,1,0,0
21,0,7,0,0,1
25,2,11,0,0,0
30,2,8,0,0,0
14,0,8,1,0,1
22,4,0,0,0,0
27,0,25,1,0,1
48,1,10,1,4,1
38,0,4,1,0,1
37,2,4,1,0,0
47,1,16,0,0,0
32,1,30,0,0,0
40,2,6,1,0,0
33,0,5,1,0,0
38,2,13,0,9,0
26,1,17,1,1,0
-1,4,10,0,0,0
32,1,10,0,0,1
56,0,13,0,0,0
48,0,10,0,0,0
49,2,26,0,1,1
53,2,3,0,4,1
36,1,8,0,0,0
37,2,23,0,2,0
25,1,24,0,0,0
30,4,5,1,0,0
44,4,28,0,0,1
53,4,20,0,0,1
32,2,9,0,6,0
28,3,14,0,0,1
35,0,10,1,0,1
44,2,6,0,8,1
13,2,10,1,4,0
0,4,17,0,2,0
26,1,23,0,6,0
16,0,11,0,0,0
27,2,11,0,2,0
32,2,14,0,1,1
28,0,19,0,3,1
56,1,21,0,2,1
39,2,11,0,0,0
39,1,17,1,2,0
44,1,12,0,0,0
17,0,21,0,0,0
50,4,6,0,0,1
33,2,9,0,6,0
45,0,13,0,0,1
18,2,25,1,0,0
11,2,17,1,0,0
47,0,28,0,8,1
40,1,5,0,0,0
21,2,14,0,2,0
21,1,13,1,3,0
51,2,18,0,0,1
17,1,23,0,0,1
59,0,24,0,2,1
21,4,19,1,5,1
44,0,19,0,2,1
30,2,27,0,0,1
44,0,12,1,4,0
26,1,24,0,0,0
32,1,26,1,0,0
35,0,15,0,2,1
19,1,21,1,0,0
46,0,12,1,2,0
27,1,6,0,0,1
31,2,17,1,4,0
20,0,7,0,0,1
-3,2,14,1,0,1
32,0,25,0,2,0
71,0,4,1,0,1
46,2,2,0,0,1
34,1,18,1,9,0
31,1,11,0,0,1
35,0,13,1,8,1
43,2,13,1,0,0
17,2,4,0,0,0
51,0,0,1,2,0
45,1,25,1,1,0
45,2,8,0,0,0
41,1,13,0,0,1
35,0,28,0,2,0
45,1,23,0,0,1
43,0,5,0,0,0
29,1,15,0,0,0
26,2,21,0,0,0
36,1,20,0,0,1
58,1,22,0,0,0
16,3,14,1,0,0
12,1,7,1,0,1
37,1,14,0,0,0
35,0,19,1,1,0
37,2,18,1,0,0
38,1,4,1,3,1
31,1,4,0,1,0
57,5,28,0,0,0
10,2,6,1,0,0
22,2,10,1,0,1
33,1,22,1,2,0
10,1,13,1,9,0
32,0,7,0,0,0
59,1,14,0,1,0
35,2,17,0,0,1
38,1,14,0,0,0
16,2,26,1,3,1
25,0,9,0,0,1
29,1,19,0,0,1
30,2,5,1,0,0
54,1,12,0,1,1
43,2,21,1,0,0
18,4,8,1,6,1
38,0,17,0,0,0
42,0,6,0,0,1
52,0,5,0,1,0
58,2,16,0,0,1
19,1,19,0,1,1
22,2,5,0,0,1
16,1,26,1,0,1
31,2,8,0,0,0
41,2,5,1,6,0
49,1,7,0,0,1
33,1,7,0,2,1
30,0,4,1,0,0
37,1,23,0,0,0
22,1,15,0,0,0
66,1,12,1,7,0
10,3,27,1,2,0
37,3,12,1,1,0
65,2,6,0,0,0
35,1,9,0,0,0
32,2,8,1,0,0
29,1,15,1,6,0
32,0,10,0,0,0
55,1,15,1,0,1
1,0,19,0,0,0
58,1,22,0,0,1
13,1,20,0,0,1
31,4,7,0,3,0
28,1,5,0,0,0
43,3,16,0,3,0
11,0,7,0,2,0
41,0,4,1,0,0
65,1,16,1,0,0
14,2,11,1,0,0
37,0,22,1,6,0
25,0,10,0,0,1
41,1,29,0,0,0
35,1,22,1,0,1
25,2,4,0,0,0
42,1,15,0,0,0
62,0,17,0,0,0
32,3,20,1,2,1
45,0,15,0,2,0
15,2,15,1,0,0
20,2,12,0,0,1
42,4,9,1,4,1
57,1,26,1,0,0
40,2,10,1,4,1
30,1,4,0,0,1
34,2,6,0,1,0
16,1,24,1,0,0
44,1,17,0,0,1
48,2,22,0,3,1
28,0,23,0,0,0
27,2,23,1,0,1
38,2,16,0,0,0
28,1,7,1,2,0
34,1,6,0,0,0
66,1,17,0,2,0
31,5,12,1,0,1
29,0,16,0,0,0
25,1,15,0,2,0
46,2,18,1,0,0
32,3,2,1,0,0
25,2,2,0,0,1
54,2,21,1,0,1
56,0,7,1,0,0
25,1,19,1,0,1
7,0,16,0,0,0
50,2,29,0,0,1
24,2,24,1,0,1
46,2,13,1,0,0
5,2,18,0,7,1
48,1,5,0,2,0
16,0,12,0,0,0
45,1,21,0,0,0
35,0,18,0,6,1
20,2,15,0,0,0
28,0,7,1,0,1
45,2,23,0,2,1
36,2,9,1,0,0
43,1,23,0,0,0
64,0,18,0,8,0
11,1,12,0,1,0
59,1,3,0,0,0
36,2,8,1,0,1
21,0,25,1,0,1
15,2,23,0,2,0
32,2,17,0,0,0
48,0,14,0,0,0
33,2,19,1,7,0
57,2,14,1,0,1
13,2,19,0,0,1
34,0,10,1,0,0
16,0,24,1,0,0
40,0,20,0,0,1
48,1,11,0,6,0
28,2,23,1,4,0
-4,2,15,1,0,0
37,3,7,0,0,0
41,0,4,0,0,0
41,0,20,0,0,0
53,2,24,0,0,0
18,0,23,1,7,0
45,1,19,0,0,0
52,1,6,1,0,0
8,0,5,1,0,0
39,2,11,0,0,1
27,1,24,0,0,0
33,2,28,0,0,0
40,2,8,1,0,1
27,0,22,0,1,0
24,3,17,1,0,1
35,1,2,1,0,0
18,3,16,0,0,0
18,0,23,1,4,0
45,2,9,1,0,0
17,1,25,0,0,0
44,2,8,0,0,0
41,2,4,1,2,1
9,1,6,1,0,0
24,3,24,0,0,0
52,1,13,0,0,0
20,0,23,0,0,1
28,2,16,1,0,1
41,2,15,0,0,1
46,1,23,0,2,0
31,1,13,1,0,0
26,4,23,0,0,0
56,2,5,1,0,1
61,0,18,0,0,1
49,0,20,1,0,1
36,4,25,0,4,0
22,2,8,1,9,0
22,3,18,1,0,0
42,1,13,0,0,0
41,2,12,0,0,0
56,2,5,0,1,0
44,0,6,0,1,1
12,1,24,1,2,0
50,2,21,1,2,1
20,1,12,0,0,0
29,2,23,1,0,0
38,2,4,1,1,0
64,2,18,1,0,0
81,2,24,0,0,0
44,1,24,0,1,0
32,1,12,0,0,0
43,2,21,0,1,1
48,1,13,0,0,1
30,0,24,0,1,1
61,1,16,0,1,0
38,0,22,1,0,0
42,2,4,0,1,0
44,1,17,0,0,1
41,0,16,0,0,0
47,4,18,0,0,0
25,2,20,0,0,0
26,2,26,0,0,0
18,2,22,0,8,1
41,2,8,0,0,0
46,2,23,0,0,0
41,2,5,0,0,1
60,4,18,1,0,0
34,0,25,0,2,0
45,4,5,0,0,0
18,1,24,0,0,1
29,1,23,0,1,1
45,0,15,0,0,0
47,1,10,0,4,1
30,2,13,1,0,0
33,5,28,0,0,0
12,4,7,0,5,0
29,4,17,1,3,1
48,1,4,1,0,0
43,5,8,0,0,1
42,1,22,0,0,1
35,2,10,0,0,1
35,0,29,0,8,0
25,1,15,0,0,0
45,4,15,0,0,0
41,4,2,1,4,0
42,2,27,0,0,1
27,2,7,0,0,0
2,0,16,0,7,1
51,2,12,1,2,1
27,2,13,0,2,0
22,0,19,1,0,0
45,0,19,0,2,0
29,0,6,0,0,0
50,2,15,0,0,0
44,0,22,0,9,0
45,1,14,0,0,0
14,1,6,0,2,1
53,1,10,0,0,0
38,2,8,1,0,0
29,2,5,0,2,0
37,1,12,0,0,1
8,1,16,0,0,1
41,1,4,1,0,0
19,2,18,1,7,1
14,1,30,0,0,1
12,0,28,0,0,1
51,2,23,0,0,0
25,1,9,1,7,1
58,2,1,1,1,0
26,1,24,0,1,1
9,2,4,0,0,0
18,0,7,0,0,1
53,1,16,0,0,1
32,1,7,1,0,0
26,2,24,0,0,1
37,4,22,0,8,0
42,1,22,1,2,0
51,2,23,1,0,0
56,2,8,0,0,1
29,4,21,1,2,0
15,2,11,0,0,0
28,0,19,1,0,1
38,2,5,1,0,1
20,1,20,0,0,1
20,0,28,1,2,0
40,0,3,1,0,0
34,3,5,0,0,0
35,3,5,0,0,0
23,2,13,1,2,0
31,4,10,0,0,0
21,2,23,0,0,1
48,0,14,1,7,0
50,0,15,1,7,0
7,0,21,0,9,0
21,0,11,0,2,0
12,0,11,0,0,0
25,1,22,0,0,0
33,2,22,0,0,1
13,2,1,1,0,0
21,2,6,0,7,0
19,3,8,0,2,1
38,1,11,0,1,1
36,2,10,1,0,1
24,1,19,0,5,1
37,0,23,0,2,1
26,3,7,0,0,0
30,1,17,0,3,1
60,1,12,0,0,0
55,1,15,0,0,0
15,2,18,0,1,0
47,5,25,0,1,0
47,0,7,0,0,0
17,3,4,0,0,0
47,0,18,0,9,0
58,1,12,0,1,1
18,0,6,0,1,1
21,2,5,0,0,0
50,0,17,1,0,1
39,1,10,0,0,0
43,0,30,0,0,1
40,0,13,0,0,0
40,2,8,1,0,0
15,0,18,1,0,0
50,0,8,0,0,0
52,0,15,0,2,0
31,1,15,0,0,0
34,2,14,0,0,0
12,0,23,0,0,0
42,0,8,1,0,0
43,1,25,0,0,1
34,1,22,1,8,0
51,2,11,0,2,0
29,2,7,1,0,1
43,2,9,1,0,1
19,1,11,0,0,0
34,2,16,0,2,1
32,2,3,0,0,0
38,2,26,0,0,0
29,2,5,0,2,0
33,2,9,0,2,0
47,1,5,0,2,0
28,1,9,1,4,1
10,2,24,0,7,0
61,0,18,1,0,1
55,2,8,0,0,0
15,2,25,1,2,0
45,2,23,0,1,0
27,1,22,0,9,1
38,0,24,1,0,0
39,0,18,0,0,1
31,2,15,1,0,1
23,2,12,0,0,0
24,2,8,0,0,1
21,0,16,0,1,1
22,3,25,1,0,0
33,4,17,0,1,0
24,1,26,1,1,0
45,2,11,1,0,0
57,2,20,0,0,0
26,2,19,0,0,0
38,4,19,1,2,1
42,0,19,0,4,0
42,1,8,0,3,1
36,2,6,0,8,0
46,2,29,0,0,0
42,2,3,0,5,1
16,4,14,0,2,0
48,1,13,1,5,0
48,2,11,0,0,0
23,1,22,0,8,0
35,1,21,1,0,0
45,0,25,1,2,0
31,2,12,1,0,1
51,4,17,0,0,0
70,0,25,1,0,0
23,0,30,0,0,0
14,2,28,0,0,0
39,2,21,0,2,0
45,4,6,0,0,0
31,0,1,1,0,0
56,0,23,0,0,1
14,1,24,1,0,0
45,0,21,1,0,1
25,0,9,0,0,0
60,0,19,0,0,0
64,0,10,0,1,1
23,0,14,0,0,1
26,4,12,0,0,0
47,0,26,1,0,1
29,1,8,0,8,1
34,3,17,0,0,1
35,2,11,1,0,0
6,2,19,0,0,1
34,2,17,1,0,1
24,2,26,0,0,1
27,2,5,0,0,1
56,2,8,0,0,1
16,2,22,0,0,0
47,1,12,0,0,0
30,0,6,1,1,0
30,2,15,0,9,0
46,1,19,1,0,0
40,3,3,0,0,0
43,0,10,0,8,0
49,1,23,0,2,1
30,4,16,1,0,1
25,0,2,0,1,0
18,4,9,0,0,1
22,4,19,1,0,0
79,2,7,0,0,1
53,1,23,1,0,1
14,2,20,0,0,0
15,2,14,1,0,0
42,2,26,1,1,0
43,2,12,1,0,1
43,4,8,0,0,1
31,2,19,0,0,0
33,4,17,1,0,0
39,0,11,0,0,0
36,0,11,0,9,0
1,1,12,1,0,1
31,1,10,0,0,0
22,2,20,0,3,1
37,0,19,0,0,1
79,4,13,0,4,1
40,1,12,0,0,0
30,1,12,1,0,0
48,0,9,0,0,0
42,1,4,1,0,1
41,0,9,1,0,0
44,0,10,1,4,0
65,2,16,0,1,1
18,0,22,1,1,0
42,0,12,0,2,0
21,2,26,0,0,0
43,0,23,1,0,0
21,1,29,0,0,0
28,0,25,1,2,0
30,1,18,0,0,1
49,2,18,1,1,1
48,0,5,0,4,0
16,2,21,1,0,1
35,3,18,0,0,0
24,0,15,0,0,0
16,5,20,0,0,1
31,1,14,0,1,1
30,0,16,0,7,0
71,0,12,0,0,0
41,1,21,0,0,1
14,2,25,0,1,0
26,1,24,0,0,1
50,2,22,1,0,0
66,2,1,1,6,1
11,1,26,1,1,0
6,2,9,1,0,0
63,3,25,0,0,0
40,0,7,0,1,0
21,1,13,0,2,1
43,1,21,1,2,0
-4,1,19,1,0,1
35,1,13,0,6,0
39,1,20,0,0,0
48,2,16,0,1,0
19,2,9,0,0,0
36,1,19,0,0,1
21,0,7,0,8,0
38,1,20,1,0,1
21,1,0,0,0,1
28,1,16,1,2,1
20,3,12,1,0,0
44,1,10,1,2,0
47,0,15,1,0,0
31,1,19,1,0,0
35,2,28,1,6,0
13,2,24,1,0,0
30,1,21,0,3,0
34,0,14,1,0,1
74,1,12,1,2,1
18,1,2,1,0,1
56,5,11,1,0,0
49,2,24,0,4,0
39,2,12,0,0,0
61,1,14,0,2,0
40,1,9,0,2,0
40,2,9,1,1,0
34,1,4,0,6,0
53,5,18,0,0,1
51,1,14,0,0,1
25,0,18,0,0,0
15,2,16,1,0,0
31,0,23,1,0,1
22,0,21,0,0,0
34,1,22,0,0,0
53,2,15,0,0,0
28,1,11,0,0,0
34,0,26,0,2,0
35,2,4,1,0,1
47,1,6,0,0,0
1,3,13,0,5,0
25,1,18,0,0,0
38,2,0,1,9,1
53,0,21,1,0,0
27,2,17,1,0,0
6,2,15,0,1,0
44,3,13,1,2,0
25,0,16,0,0,0
17,1,6,0,3,0
25,2,5,0,0,1
32,0,10,0,0,1
25,1,20,1,0,0
1,4,17,1,0,0
48,1,14,0,0,0
54,4,17,1,6,1
44,0,17,1,0,0
17,2,10,1,0,1
31,1,5,0,0,1
34,1,25,0,5,1
43,4,18,0,9,1
45,0,20,1,2,1
23,3,14,0,8,0
36,2,22,0,2,0
41,0,17,0,8,0
56,3,4,0,1,0
45,1,25,1,0,0
46,2,10,1,0,0
36,1,6,1,1,1
56,2,4,1,0,0
41,2,21,0,0,0
22,0,20,0,0,0
56,2,20,0,6,0
45,0,26,0,0,0
28,1,11,0,2,1
27,0,17,1,1,0
39,0,18,0,8,0
41,0,29,1,6,0
37,1,10,0,2,1
39,1,27,0,0,0
60,1,6,0,0,1
51,0,22,0,0,0
37,2,18,0,2,0
49,2,23,0,5,1
19,1,2,0,2,0
40,2,4,0,0,1
62,2,4,0,0,0
31,2,17,1,0,1
22,0,18,1,0,0
25,0,25,0,0,1
18,2,14,1,0,0
23,2,4,1,2,0
29,0,8,1,0,1
13,1,0,0,0,1
35,2,22,0,8,0
48,2,23,1,0,0
21,2,30,0,0,0
57,0,13,1,0,0
42,1,1,1,0,0
50,0,8,0,0,0
25,1,17,0,0,0
47,0,28,0,0,0
18,3,5,0,0,0
48,1,5,0,0,1
37,2,20,0,3,0
43,0,19,0,0,1
17,0,9,0,6,0
21,0,23,1,0,0
43,1,5,0,0,0
20,2,26,1,2,0
41,1,7,1,0,1
14,0,4,0,0,0
47,0,11,1,1,0
16,0,7,0,0,1
43,2,16,1,2,1
44,1,20,0,6,0
24,2,15,0,0,0
43,2,19,0,0,0
38,0,12,0,0,0
26,0,2,0,9,0
19,2,29,0,2,0
5,2,23,0,5,1
40,1,4,0,0,0
11,0,14,0,2,0
36,0,18,0,0,1
31,0,7,0,0,0
45,0,17,0,7,0
30,0,16,1,0,1
30,1,8,0,8,0
45,0,6,1,0,0
40,0,22,0,2,0
39,3,10,1,0,0
42,1,8,0,0,1
11,3,21,0,0,0
46,1,21,0,0,0
44,2,9,0,0,0
19,0,25,0,1,1
31,2,20,0,0,0
34,0,11,1,0,0
32,0,13,0,0,1
40,3,21,0,0,1
56,1,8,1,2,0
51,3,14,0,4,0
15,1,19,1,0,0
44,1,16,0,0,0
54,1,18,1,2,1
40,2,16,0,0,0
51,1,7,1,0,0
65,3,13,1,0,0
50,0,16,0,0,1
38,2,22,0,0,0
50,1,19,0,0,0
37,0,13,1,0,1
35,1,29,0,0,0
29,1,5,0,0,0
58,0,7,0,0,0
22,0,11,0,0,0
57,1,8,0,0,0
42,1,18,1,5,0
14,1,3,0,0,0
40,0,7,1,1,0
3,0,10,0,0,0
44,4,20,0,1,0
48,4,25,0,0,0
26,1,23,0,0,0
36,5,7,1,2,1
64,2,17,1,0,0
27,0,2,0,2,0
19,0,10,0,0,1
57,3,23,0,9,0
64,2,14,1,2,1
35,2,6,1,8,1
50,3,13,1,0,1
55,1,7,0,0,1
23,0,12,0,2,0
27,0,15,0,4,1
53,0,11,0,8,0
60,0,26,0,0,0
43,1,17,0,2,1
21,0,24,0,0,0
64,0,22,1,0,1
27,1,19,1,0,0
29,1,15,0,0,0
40,1,0,0,6,0
58,1,18,0,0,0
47,2,11,1,0,0
41,3,5,1,0,0
41,0,14,1,0,0
35,0,21,1,0,1
43,2,28,0,0,0
-2,1,12,0,0,1
30,2,16,0,2,0
38,0,24,0,8,0
17,2,11,1,0,0
40,3,6,0,0,1
31,2,9,0,0,0
61,0,25,0,2,0
58,3,6,1,0,1
28,2,11,0,0,0
32,2,14,1,0,1
33,0,24,0,7,0
28,2,26,0,0,0
37,0,13,0,0,0
23,0,26,1,8,0
18,1,6,0,1,1
44,0,6,1,1,1
44,2,27,0,0,0
22,2,15,0,8,1
48,0,7,1,1,0
25,2,15,0,5,0
38,3,22,0,1,0
47,0,23,1,1,0
34,2,24,0,0,0
41,1,17,1,0,0
27,1,24,0,2,0
32,0,15,0,0,1
31,1,18,0,0,1
23,0,22,1,0,0
32,4,13,0,2,0
11,2,4,1,0,0
27,1,11,1,2,1
30,1,18,0,0,0
31,1,7,0,0,0
31,1,6,0,0,1
34,1,10,0,0,0
42,1,2,0,0,0
48,0,21,1,0,0
25,0,9,1,0,0
16,1,5,1,9,1
19,2,20,1,0,0
27,0,24,1,1,0
29,0,1,0,0,0
23,0,8,1,1,0
15,4,26,1,0,0
28,2,12,0,1,0
37,2,26,1,1,0
43,3,9,0,1,0
26,1,8,1,0,0
28,4,8,1,1,0
21,0,4,1,0,1
34,0,25,0,0,0
22,2,29,1,0,1
43,1,27,0,0,0
8,2,24,0,0,1
29,1,24,1,1,0
39,2,19,0,0,0
37,0,23,1,0,0
75,0,8,0,0,0
40,3,12,0,1,1
19,2,19,1,0,0
33,4,25,0,0,0
8,2,19,0,1,1
33,2,24,1,0,0
22,1,14,0,0,0
48,0,21,1,0,0
26,0,29,0,0,0
33,0,6,0,1,1
25,2,26,0,0,0
61,0,16,0,0,0
30,3,19,0,0,0
62,1,25,0,1,0
47,2,13,0,4,0
42,0,13,0,0,0
40,0,16,0,0,0
40,4,1,0,2,1
6,0,15,0,2,0
30,0,10,1,4,0
47,0,26,1,0,0
34,0,4,1,3,1
13,0,14,0,0,0
34,2,26,1,0,1
60,1,25,1,0,1
53,1,20,1,1,1
34,0,17,0,0,0
49,2,9,1,0,0
29,2,12,1,0,0
9,0,4,1,0,1
21,1,22,0,3,1
58,0,10,0,0,1
30,2,19,0,0,0
31,2,11,0,2,0
30,3,14,1,0,0
63,0,16,0,1,0
59,1,23,0,2,0
68,0,8,0,6,0
32,1,12,0,4,1
39,1,6,0,0,0
12,0,4,1,0,1
57,2,18,0,0,1
17,1,7,0,0,0
38,2,4,0,0,0
18,0,25,0,0,0
26,3,16,0,4,0
22,5,6,1,0,0
25,3,4,1,0,0
26,2,5,1,0,1
26,2,14,1,0,0
47,1,19,0,8,1
18,0,19,1,0,1
38,2,6,1,0,0
53,2,18,1,0,0
27,4,13,0,0,1
24,1,14,1,0,0
31,0,23,1,2,0
52,2,11,1,0,1
37,4,6,0,0,0
27,0,25,1,0,1
42,1,8,1,2,0
18,1,10,1,1,0
45,0,20,0,0,1
41,0,20,1,0,1
30,1,23,0,4,0
22,2,7,0,2,1
21,0,11,0,2,1
43,1,5,1,2,0
53,2,16,0,1,0
25,4,10,0,0,0
41,4,20,1,3,0
3,1,0,1,6,0
26,4,4,0,0,0
34,0,13,1,0,0
21,2,27,1,8,1
20,2,25,0,0,1
24,0,30,0,4,0
39,1,13,0,0,1
32,0,3,0,0,0
1,2,10,0,0,0
3,1,20,1,0,0
25,2,6,1,0,1
41,0,10,0,0,1
-6,0,4,0,1,1
27,5,14,0,9,1
27,2,8,0,0,0
55,4,5,0,0,1
29,0,13,1,0,0
40,0,11,1,0,0
37,1,16,0,0,1
3,1,21,1,0,1
46,0,5,0,0,0
38,2,22,1,0,0
42,1,2,0,0,0
93,0,14,0,1,0
3,1,17,1,0,0
60,1,27,0,5,0
30,2,17,1,6,0
39,1,6,0,8,1
34,1,15,0,7,1
28,0,12,0,0,0
26,3,14,0,0,1
39,3,7,1,0,0
12,2,15,0,2,0
46,0,6,1,4,0
28,1,21,1,3,0
18,2,17,1,0,0
28,5,4,0,2,0
53,5,25,1,0,0
26,2,18,0,0,0
40,0,10,0,2,1
24,4,3,0,0,0
46,2,18,0,9,1
45,2,12,0,0,0
62,1,25,1,3,1
32,1,2,0,0,0
45,1,3,0,2,1
36,0,27,1,2,1
54,1,28,0,6,0
24,2,2,0,0,1
46,0,21,0,7,0
32,0,8,1,0,1
34,0,20,0,0,0
36,1,24,0,0,0
38,5,5,0,2,0
33,0,8,1,0,0
38,0,1,1,2,0
58,3,3,1,1,1
49,2,2,0,0,0
48,0,23,0,7,1
28,2,10,0,0,0
21,2,15,0,5,0
49,2,22,0,0,0
48,1,15,0,0,1
57,5,13,0,0,0
25,0,0,1,0,0
31,0,17,0,0,0
10,1,5,1,0,0
29,1,22,0,0,1
49,3,9,0,0,0
28,1,19,0,0,0
44,0,19,0,2,0
32,1,18,0,0,0
39,1,9,0,4,0
17,4,9,1,0,0
36,2,24,1,1,0
-9,2,0,0,1,0
32,2,7,1,0,0
10,2,18,1,1,0
53,2,23,1,0,0
46,0,11,1,3,0
42,2,19,0,2,0
57,2,16,0,0,0
20,2,4,0,2,1
61,5,18,0,0,0
48,2,23,0,0,0
31,2,30,0,0,0
52,4,2,1,2,0
18,0,19,1,2,1
22,1,13,1,2,0
25,1,0,1,0,0
27,1,18,1,0,1
19,2,5,0,1,1
53,2,12,0,0,1
31,2,9,0,1,0
40,5,11,1,0,1
26,0,15,0,0,0
7,2,11,1,0,0
39,1,16,0,1,0
6,1,8,0,0,0
33,0,18,1,0,0
14,3,24,0,0,1
64,2,8,0,0,0
48,2,15,0,0,1
36,1,19,0,0,0
53,0,17,1,1,0
22,1,12,0,0,0
43,1,19,0,2,0
37,4,2,0,1,0
38,0,12,1,0,0
54,4,16,0,0,0
45,4,1,1,4,0
39,5,15,1,0,1
10,1,19,0,0,0
20,4,22,1,0,0
33,1,5,1,0,0
36,0,30,0,0,0
18,0,18,0,9,1
71,4,11,1,4,1
57,0,9,1,0,1
44,1,17,0,0,0
36,0,25,0,0,1
31,0,16,1,0,0
20,0,19,1,0,0
36,2,11,1,0,0
38,1,12,0,0,1
16,3,10,1,0,0
40,2,20,0,0,0
32,4,11,0,8,1
6,1,7,1,0,0
22,2,12,1,9,0
28,1,24,0,0,0
63,1,21,0,0,0
43,2,11,1,0,1
14,2,25,0,0,0
42,2,4,1,0,1
11,2,3,1,7,0
51,0,5,0,9,1
27,2,5,1,0,0
33,0,4,1,0,1
54,1,19,1,0,0
15,2,18,1,0,1
14,5,19,1,0,0
26,0,20,0,0,0
50,0,22,0,0,0
12,0,7,1,0,1
-7,1,18,0,0,0
28,2,17,0,0,0
43,2,26,1,0,1
53,2,8,1,9,1
28,3,4,0,0,0
28,1,19,1,4,0
52,0,21,1,2,0
6,0,9,0,7,1
29,2,17,1,2,1
37,2,4,0,1,1
41,2,27,0,3,0
27,1,5,0,0,0
35,1,4,0,0,0
-2,4,3,0,9,0
25,0,13,1,2,1
41,2,5,1,8,0
20,1,21,0,2,0
35,0,25,1,4,1
41,2,9,0,1,0
29,1,18,0,2,0
37,2,3,1,0,1
20,2,12,0,6,1
31,1,10,0,2,1
44,2,8,1,2,0
37,1,19,0,1,0
26,0,6,1,0,0
38,2,24,0,0,1
45,1,19,0,6,0
4,0,20,0,0,1
52,3,26,0,0,0
29,1,26,0,0,0
41,2,16,0,2,1
52,2,15,1,2,1
14,1,11,1,2,0
24,1,21,0,1,1
30,1,16,0,0,1
23,1,26,0,0,1
61,3,8,1,0,1
22,2,10,1,2,1
26,0,10,0,0,1
38,2,23,1,0,0
16,5,5,0,0,0
29,2,14,0,0,0
39,2,13,0,6,0
30,2,4,0,0,0
33,1,13,0,2,0
27,1,15,0,0,1
12,2,4,1,0,1
39,1,15,0,0,0
61,1,27,0,0,0
35,2,29,0,2,1
38,2,16,0,0,1
45,0,15,0,0,1
15,0,9,0,0,1
60,0,30,0,0,1
38,1,9,0,2,0
59,1,14,0,0,0
24,1,0,0,0,1
62,0,11,1,2,0
46,1,4,1,0,1
43,1,21,0,0,0
38,1,17,0,0,1
31,1,17,0,0,0
53,0,10,0,1,0
37,3,23,0,0,0
5,0,0,0,8,1
18,2,11,0,0,0
32,3,19,1,7,1
39,1,25,0,0,1
34,2,8,0,1,1
53,0,16,0,0,1
5,1,16,1,0,0
37,1,25,1,2,0
7,0,3,0,1,0
46,1,13,1,0,1
33,1,7,0,0,1
41,2,1,1,0,0
22,3,6,1,9,0
54,0,29,0,5,0
50,1,8,1,0,0
43,1,26,0,3,0
33,1,7,0,6,0
43,2,26,0,0,0
24,1,19,1,1,0
47,0,5,0,0,0
59,2,17,0,1,0
51,2,10,1,0,0
24,1,12,0,0,0
40,1,13,0,0,0
15,0,13,0,0,0
43,0,19,0,2,0
41,0,22,0,0,0
6,1,11,0,0,1
17,3,26,1,5,0
30,1,26,1,0,0
30,0,3,0,0,0
16,0,1,0,7,0
40,1,13,0,4,1
38,2,17,1,0,0
32,1,9,0,0,0
23,1,9,0,8,0
50,1,20,1,0,0
59,0,18,0,0,0
27,0,6,0,0,0
25,0,25,1,0,0
42,0,20,1,1,0
29,0,11,0,2,1
32,1,20,1,8,1
46,2,5,0,2,0
6,2,14,1,0,0
54,2,7,0,0,0
36,2,3,1,9,0
28,0,11,1,0,1
33,2,6,1,0,0
34,1,18,1,5,0
9,1,19,0,0,0
57,1,6,0,0,1
35,0,1,0,4,0
41,4,23,1,9,1
49,0,0,1,0,1
19,1,11,0,3,0
42,1,15,1,0,1
30,0,23,1,0,0
47,0,24,1,5,1
3,0,21,1,8,1
33,0,9,0,0,0
25,2,21,0,0,0
41,1,8,0,0,1
42,0,8,0,0,0
24,2,16,1,0,0
24,5,20,1,0,0
33,0,4,1,0,1
21,0,4,1,0,1
47,4,22,0,0,0
29,0,24,0,2,1
-8,1,18,0,0,0
29,0,13,0,0,1
19,3,24,0,3,0
10,4,21,0,2,0
16,2,17,0,0,0
36,1,10,0,0,0
54,1,7,1,1,0
39,0,13,0,0,1
25,2,10,0,2,0
41,3,11,0,0,1
28,1,15,1,0,0
24,2,7,0,0,1
17,0,23,0,2,0
8,1,6,1,5,1
29,2,15,0,0,1
37,1,21,1,0,1
33,1,15,0,0,1
28,0,11,0,0,0
20,2,14,0,4,0
44,2,24,1,0,1
15,4,30,0,6,1
46,2,18,0,0,0
19,1,23,0,6,0
23,0,1,0,2,1
12,5,25,0,0,0
27,1,27,1,0,0
49,2,17,1,0,0
42,2,22,0,0,0
49,2,15,0,0,0
42,0,10,1,0,1
18,0,24,0,7,1
30,2,17,0,0,1
23,3,17,0,2,1
54,2,19,1,7,0
17,1,24,1,4,1
48,1,21,1,0,1
48,2,8,0,0,1
62,2,14,0,0,1
28,2,29,1,0,0
45,0,16,0,0,0
69,3,26,1,2,0
25,1,23,1,0,1
11,2,19,0,0,0
6,0,11,1,9,1
45,1,10,0,0,0
6,2,19,1,0,1
29,0,13,0,2,0
41,1,23,0,0,0
37,1,22,1,0,0
41,2,10,1,0,0
38,0,20,0,3,0
54,0,15,0,0,1
20,3,10,0,0,0
24,1,13,0,0,1
23,0,25,0,0,0
47,0,11,0,0,1
48,5,10,0,0,0
41,0,11,0,0,1
52,2,8,0,0,0
17,1,16,0,0,1
60,2,6,0,0,1
57,2,23,1,1,0
46,2,8,0,0,0
61,0,18,1,0,1
10,2,5,1,2,0
27,1,29,1,2,0
23,3,14,1,0,0
45,1,23,1,0,0
19,2,22,0,0,0
46,0,20,0,0,0
55,2,23,1,1,1
45,1,5,0,0,0
39,1,20,1,1,0
20,0,9,0,0,1
22,0,22,1,0,0
53,0,27,0,2,1
46,1,25,0,0,1
34,3,5,0,0,0
28,1,12,1,9,0
4,2,12,1,4,1
18,0,5,0,2,1
63,1,5,1,0,0
15,1,12,0,0,0
37,4,30,0,7,0
50,2,17,0,0,0
16,1,18,0,3,0
37,2,14,0,0,0
49,0,19,0,0,1
35,1,27,1,9,0
78,0,17,1,0,1
9,1,4,0,0,0
50,0,15,0,0,0
32,2,30,0,0,0
46,1,12,0,0,0
41,2,17,0,0,0
24,1,5,0,0,1
38,0,6,1,2,0
7,2,25,1,0,1
44,2,10,0,9,0
39,3,10,0,0,0
44,1,12,0,0,0
50,2,28,1,0,1
40,2,4,0,1,0
37,0,23,0,9,0
21,0,11,1,2,1
24,0,24,0,0,1
52,1,30,0,0,0
56,1,11,0,2,1
31,5,5,0,6,0
35,1,6,0,9,1
21,2,22,0,0,0
52,2,6,0,9,0
44,0,9,0,0,0
64,0,7,1,0,0
21,1,11,0,0,0
29,2,4,0,0,1
38,5,24,1,2,1
44,1,24,1,3,0
31,3,13,1,2,0
21,1,18,0,0,0
48,2,19,0,0,0
45,2,21,1,1,1
21,0,16,1,0,0
55,0,15,0,2,0
52,0,18,1,1,0
37,1,20,0,1,0
36,2,11,1,0,0
43,0,11,1,4,0
22,2,9,1,0,0
35,0,16,1,0,0
2,2,11,1,2,0
48,2,16,0,0,0
11,2,13,0,4,0
57,1,24,0,0,1
30,0,4,0,0,0
31,2,17,1,4,1
25,0,17,0,0,0
30,0,12,0,0,0
56,0,13,0,0,0
-2,2,23,1,0,0
54,2,9,0,1,1
40,2,25,0,0,0
16,1,25,0,4,0
18,0,19,1,2,1
60,3,22,0,0,0
20,1,18,1,1,0
17,1,16,0,0,0
52,1,28,0,0,0
40,0,9,1,0,0
20,0,6,0,0,0
38,1,10,0,1,1
19,0,18,0,1,1
51,0,7,0,0,0
50,3,25,0,2,0
42,1,13,0,2,0
40,1,24,0,0,0
61,2,9,0,2,0
34,4,10,1,0,1
17,0,4,1,4,1
41,2,9,0,0,0
66,1,15,0,2,0
19,0,26,0,0,0
29,1,12,0,0,0
41,1,19,0,0,0
34,2,13,0,0,0
20,0,3,0,1,0
51,1,15,0,0,0
69,2,4,0,2,0
37,1,25,1,1,1
21,2,21,0,1,0
11,2,12,1,0,0
38,1,19,1,9,0
51,4,5,0,2,0
42,0,20,0,2,1
34,0,23,0,0,0
26,1,23,0,0,1
18,2,9,0,0,0
47,2,9,1,0,0
48,1,16,0,0,0
11,0,28,0,0,1
58,0,26,1,1,0
43,2,11,1,0,1
55,2,22,0,0,0
14,2,26,1,4,0
14,2,9,0,0,0
32,2,23,0,2,0
42,0,9,0,0,0
61,1,11,0,0,0
45,2,7,1,0,0
31,1,15,0,2,1
19,0,24,0,0,1
53,4,16,0,4,1
20,2,5,0,0,0
59,0,9,0,0,1
30,2,17,0,1,1
58,3,17,1,0,0
45,0,17,0,2,0
32,1,4,0,0,0
27,1,22,0,0,0
29,1,26,0,2,1
41,2,15,0,7,1
36,1,21,1,0,1
26,0,26,1,2,0
32,0,19,0,0,0
36,0,19,0,2,0
3,1,21,1,1,0
41,2,9,0,0,1
20,0,17,0,0,0
17,2,24,0,0,1
9,2,10,1,0,0
8,0,25,0,0,1
14,2,18,1,1,0
24,2,13,1,9,1
64,1,18,0,0,1
27,1,12,1,0,1
37,2,24,1,0,1
41,4,15,0,5,1
36,1,25,0,0,0
33,1,15,0,0,1
17,1,19,0,0,1
56,0,30,0,0,0
62,1,6,0,0,1
9,1,21,0,0,0
19,0,6,1,0,0
30,1,24,0,0,0
20,0,17,0,0,0
42,1,26,0,0,0
24,0,24,0,0,0
67,0,4,0,6,0
52,2,6,0,5,1
38,3,18,0,0,0
50,0,15,1,0,0
51,1,6,1,0,0
26,0,5,0,0,0
22,1,17,1,0,0
36,1,3,1,0,0
47,0,25,0,6,1
37,2,23,1,3,0
11,0,22,1,0,1
22,0,1,0,0,1
33,2,3,0,6,1
33,2,16,0,6,0
64,1,30,0,8,0
14,1,11,1,0,0
42,1,11,0,0,0
57,1,6,1,1,0
69,1,19,1,0,1
28,1,19,1,0,0
42,1,5,1,0,0
43,2,14,0,4,0
37,2,19,0,3,1
33,1,15,1,0,1
41,1,19,0,4,0
-2,1,23,0,0,0
45,1,20,1,2,0
36,1,18,1,0,1
31,2,24,0,0,1
65,2,25,1,0,0
24,3,12,1,0,0
28,2,7,0,0,1
64,4,23,0,0,0
22,2,8,1,9,1
26,4,26,0,0,0
32,0,1,0,0,0
47,0,26,0,0,0
38,1,17,1,0,0
15,4,22,0,0,1
27,1,12,0,2,1
25,0,30,0,0,0
33,1,8,1,0,0
41,2,9,0,1,0
41,1,3,0,0,1
8,2,26,1,0,0
50,4,14,0,4,0
38,3,19,1,0,0
55,0,20,1,0,0
41,1,25,1,6,1
51,1,19,0,0,1
41,1,17,1,0,0
55,0,20,1,9,1
42,2,21,1,0,0
33,1,7,0,0,1
69,2,5,1,3,0
48,3,4,0,3,0
43,0,12,0,0,0
15,4,15,0,0,0
15,2,18,1,2,0
39,1,27,0,1,1
37,1,11,0,0,1
25,1,22,1,0,0
37,1,16,0,0,1
58,2,8,1,3,0
45,0,18,0,5,0
17,2,28,0,7,0
33,0,5,1,4,1
22,0,15,1,0,0
29,1,3,0,0,0
28,1,10,1,2,0
27,1,18,0,1,0
16,0,24,0,0,1
33,3,21,0,0,0
26,2,14,0,6,0
-8,0,26,0,0,0
65,1,10,0,0,0
51,1,22,0,0,1
29,0,14,0,1,0
35,2,25,0,0,1
17,2,23,0,2,0
60,2,25,1,0,1
63,0,8,1,0,1
37,2,19,0,0,1
50,1,21,1,1,1
37,4,21,1,8,0
14,0,15,0,2,1
28,1,0,0,7,1
36,2,9,1,0,1
28,0,10,0,0,0
31,2,24,1,0,1
33,2,24,1,0,0
33,0,5,1,2,0
35,2,27,1,1,0
19,1,7,0,8,1
24,0,13,0,0,0
15,5,8,1,0,0
49,3,24,0,0,0
3,0,21,1,0,0
52,1,11,1,0,1
55,1,20,1,0,1
30,2,7,0,0,0
-4,3,12,0,0,0
29,1,12,0,0,0
34,2,8,0,0,0
19,1,25,1,0,0
27,1,20,1,0,0
57,3,9,1,0,0
44,1,8,0,0,0
21,1,1,0,0,1
11,2,11,1,0,0
30,0,16,0,0,0
31,1,9,0,1,0
42,3,20,1,0,1
26,2,13,1,2,0
42,2,10,0,0,0
64,0,26,1,0,0
47,1,9,0,2,1
34,4,12,1,0,1
32,1,12,0,1,1
29,0,8,0,0,0
52,1,8,1,0,1
25,1,10,0,2,1
35,0,24,1,0,0
35,2,22,1,0,1
27,5,20,1,0,0
14,1,14,1,0,0
39,2,15,0,0,1
34,2,9,1,0,0
42,2,4,0,2,0
26,0,11,0,2,0
53,0,15,1,0,1
21,0,4,0,9,0
60,0,4,0,0,0
8,1,9,0,0,0
41,1,12,1,2,1
42,0,12,1,1,1
23,0,5,0,2,0
41,1,8,0,0,0
54,0,9,1,0,0
1,2,4,0,3,0
42,0,11,0,0,1
-2,2,4,0,1,0
20,4,20,0,0,0
59,2,12,0,2,0
26,2,11,1,0,0
17,3,5,0,0,0
32,0,8,1,0,0
66,5,8,1,1,1
7,2,29,1,1,0
19,2,24,0,0,0
57,1,1,0,1,0
62,1,18,0,0,1
33,2,9,1,0,0
16,2,5,0,0,1
66,2,20,0,0,1
58,0,6,0,0,1
45,1,14,0,0,0
22,1,18,0,1,0
34,0,16,0,2,0
32,0,29,0,0,0
39,0,22,0,0,1
56,1,22,0,6,0
48,1,11,1,1,0
18,0,0,0,0,0
55,4,21,0,2,1
39,2,30,0,0,0
45,2,13,0,0,0
56,0,29,1,0,0
18,2,6,0,0,1
34,1,10,1,4,0
27,4,7,1,0,0
11,2,14,1,0,0
40,1,23,0,7,1
72,2,11,0,6,0
7,0,25,1,1,1
34,0,16,0,0,1
44,2,14,1,0,0
36,0,22,1,2,0
33,0,5,1,0,0
15,2,22,0,0,0
38,0,8,1,0,0
23,2,9,1,0,0
2,3,18,1,0,0
52,1,25,0,0,0
49,0,17,0,0,1
35,0,19,0,0,1
38,0,22,0,0,0
51,0,9,0,0,0
38,0,23,1,1,1
48,1,13,0,2,1
30,1,7,1,0,1
54,2,11,0,0,0
39,2,8,0,0,0
37,2,8,0,0,0
15,1,9,0,0,0
39,0,7,1,0,0
22,2,19,0,1,0
25,1,17,1,0,0
22,0,19,0,0,1
19,2,11,1,0,0
66,1,22,0,2,0
54,0,5,0,0,1
63,2,17,0,1,1
16,3,9,0,0,0
36,1,16,0,1,1
15,1,10,1,5,0
24,1,22,1,6,0
21,2,25,1,0,1
53,0,21,0,0,0
29,1,7,0,0,0
51,4,9,0,6,0
44,0,26,1,0,0
69,3,13,1,0,0
12,4,26,1,0,0
53,0,12,1,0,0
52,2,27,0,0,1
20,0,26,0,0,0
50,2,19,0,0,0
40,2,0,0,0,0
31,0,12,0,7,1
22,2,26,0,2,1
24,2,25,1,2,1
65,1,7,1,0,0
35,0,12,1,2,0
46,0,24,1,0,0
23,1,17,0,0,0
23,4,24,0,0,0
51,2,23,1,0,1
14,1,25,0,0,0
28,1,5,0,9,1
35,0,6,0,0,0
36,0,4,0,0,1
32,1,26,0,0,0
40,1,14,0,0,1
45,1,4,0,0,0
46,4,10,1,0,1
20,2,11,0,2,0
30,2,23,0,0,0
52,0,21,0,0,0
48,5,20,0,1,0
14,2,1,1,4,1
40,2,26,1,2,1
5,1,8,1,0,0
35,1,18,0,0,1
63,1,4,0,0,0
20,0,4,0,2,0
22,2,0,0,4,0
46,3,17,0,0,1
11,0,18,0,0,0
25,0,3,0,2,1
43,2,10,1,0,0
25,0,24,0,0,0
31,2,5,1,0,0
46,2,8,0,0,0
41,1,13,0,9,0
39,2,24,1,0,0
29,1,9,1,0,1
40,2,30,0,0,0
33,2,11,0,0,1
41,2,12,0,0,0
27,0,5,0,0,0
32,0,20,1,0,0
20,0,8,1,1,0
34,1,18,1,1,0
22,2,8,0,0,0
18,1,12,1,0,0
38,2,24,0,9,1
38,1,21,1,0,0
46,1,6,1,2,0
28,3,18,0,0,1
41,1,18,0,2,1
43,2,4,0,2,0
41,0,14,0,1,1
22,4,9,1,3,1
37,1,14,0,7,0
40,2,22,0,0,0
35,0,6,0,0,1
3,1,5,1,0,0
37,3,9,0,2,0
68,2,27,1,1,0
29,0,21,1,0,1
24,1,1,1,0,1
40,1,12,0,1,0
39,0,9,0,0,1
52,2,19,0,0,0
16,0,14,0,2,0
45,1,28,0,0,0
43,2,8,1,0,1
32,1,17,0,0,0
40,2,20,1,0,0
50,4,23,0,0,0
48,0,13,1,0,0
17,2,20,1,0,0
47,0,10,1,0,0
34,1,13,1,0,1
36,0,25,1,0,0
36,0,27,1,9,1
32,1,21,0,0,0
52,1,12,0,3,0
33,3,23,0,2,0
18,2,1,0,0,1
29,4,5,0,1,0
37,2,19,0,0,1
53,0,10,0,1,1
44,1,27,0,0,0
22,1,13,0,2,0
72,1,13,1,0,1
38,2,20,0,2,0
54,1,22,1,0,0
32,1,14,0,4,0
43,0,8,1,0,0
47,0,22,1,1,1
53,0,10,1,0,0
50,0,7,1,0,0
48,2,18,0,1,0
30,0,4,1,7,1
26,2,28,1,0,0
39,1,18,1,6,1
48,0,29,1,0,1
31,2,11,0,2,0
50,1,28,1,0,0
56,0,6,0,0,0
21,3,3,0,3,1
22,0,2,0,0,1
32,0,14,1,0,1
39,2,4,0,0,0
27,2,15,0,0,0
55,0,11,0,1,0
41,0,11,1,1,0
35,2,18,1,0,0
13,1,6,0,0,0
15,0,22,0,0,0
39,1,17,1,0,0
3,3,26,1,0,0
50,0,12,1,3,0
32,2,29,0,2,0
83,1,17,1,0,0
69,1,28,0,4,0
32,2,2,0,0,1
33,4,21,0,1,0
49,0,23,0,0,1
60,0,4,1,1,0
10,3,17,0,0,0
8,2,23,0,0,0
25,1,17,0,0,0
43,1,4,0,0,0
42,2,20,0,0,1
51,2,4,0,0,0
17,3,23,0,0,0
0,1,3,1,1,0
47,0,6,1,0,0
22,2,9,1,0,1
4,1,18,0,0,1
37,2,29,1,7,0
46,1,5,1,6,0
33,0,6,1,0,0
28,1,12,1,0,1
32,2,24,0,0,0
29,2,14,1,6,1
14,1,10,0,0,0
24,0,17,0,0,1
42,1,9,0,0,0
39,2,12,0,0,0
37,1,11,1,0,0
20,2,23,0,1,1
32,1,26,0,0,1
2,0,22,1,0,1
37,2,13,0,0,1
56,0,15,0,0,0
12,1,5,1,0,1
26,0,21,1,2,1
39,0,17,0,0,0
53,1,25,1,0,0
28,1,7,0,0,0
24,2,22,0,0,0
5,2,20,0,1,1
36,2,9,0,0,0
65,1,19,1,0,0
39,2,26,1,0,0
34,1,26,0,0,0
39,1,21,0,0,0
34,2,3,1,0,1
22,4,25,0,1,0
47,0,19,0,0,1
38,3,10,1,0,0
35,0,7,1,0,1
20,1,5,1,0,0
54,0,3,0,0,0
44,2,22,1,3,0
26,0,8,0,4,1
50,2,1,0,0,0
27,2,12,0,0,0
23,2,15,0,0,1
23,1,7,0,0,0
8,3,3,0,2,0
42,2,7,0,1,0
7,1,20,1,5,0
16,2,4,0,0,0
3,1,16,0,0,0
33,1,6,0,2,1
32,1,7,0,1,0
30,1,12,1,5,0
19,0,5,0,0,0
17,1,7,1,0,0
41,2,11,0,0,0
26,4,11,0,0,1
39,4,21,1,0,1
21,1,4,1,0,1
37,2,24,0,0,0
54,0,23,1,0,1
43,2,22,0,1,1
28,0,10,1,0,0
38,0,23,1,3,0
31,2,7,1,0,0
35,1,5,1,0,0
30,0,3,0,9,1
32,2,26,1,5,0
38,1,10,0,0,1
20,0,26,0,2,0
19,0,9,0,0,0
14,0,25,0,0,0
10,0,25,1,0,1
16,2,26,0,0,0
37,1,15,0,2,1
21,2,24,0,1,0
42,0,27,0,9,0
35,1,10,1,1,0
5,2,13,0,0,1
44,2,21,1,1,0
47,2,10,1,9,0
20,3,22,1,1,0
41,0,4,0,2,1
22,1,16,1,7,0
36,2,5,0,0,0
16,0,10,1,1,0
8,0,9,0,2,0
29,0,24,0,7,1
33,2,7,0,0,1
29,0,23,1,0,0
17,0,23,0,1,1
29,1,15,0,0,1
39,2,8,0,0,0
34,0,8,1,0,1
37,1,14,1,0,1
24,2,0,0,0,0
52,4,16,1,0,1
17,2,27,0,0,0
42,2,6,0,0,0
52,1,17,1,0,1
42,0,28,0,0,1
31,1,24,0,0,1
27,2,24,0,0,0
50,1,23,0,0,1
13,2,10,0,2,0
20,4,25,0,0,0
29,0,26,0,0,0
53,0,15,0,2,0
40,0,11,0,0,0
20,1,13,0,7,0
30,0,11,0,1,1
25,2,8,1,0,1
24,0,18,0,0,1
49,1,17,1,0,0
14,0,14,1,0,1
59,3,5,1,0,1
47,2,23,0,0,0
51,3,7,0,2,1
28,4,5,0,0,0
32,1,18,1,0,0
13,0,12,0,1,0
27,0,4,1,0,1
42,0,11,1,0,1
54,2,22,0,0,0
18,0,18,0,0,0
29,0,11,1,9,1
32,2,7,0,0,1
14,2,18,0,0,0
43,2,25,1,0,0
24,1,19,0,0,1
32,2,23,1,0,0
28,1,16,1,2,0
23,0,21,1,5,0
34,2,25,0,0,1
31,4,22,0,0,1
29,0,26,0,0,0
24,1,13,0,0,0
39,1,25,0,0,0
59,0,18,0,0,0
37,2,24,0,0,0
49,0,3,0,0,0
14,2,19,1,2,0
37,2,24,0,2,0
18,2,7,0,0,1
12,0,19,1,0,0
23,0,23,1,5,0
52,0,10,0,0,0
49,0,13,0,3,0
38,1,17,0,0,0
12,2,15,1,0,0
32,1,3,1,0,0
39,2,5,1,3,0
37,1,5,0,0,1
7,2,9,0,0,0
21,4,8,0,0,0
34,0,21,1,3,1
43,2,17,1,7,1
2,2,22,1,9,0
32,2,4,0,8,1
37,2,15,0,0,0
47,1,10,0,0,1
45,0,24,1,0,0
43,0,20,1,0,1
23,1,24,0,2,1
6,5,3,0,4,0
29,2,21,0,0,1
50,1,16,0,0,0
55,2,23,1,6,0
45,2,15,0,0,0
41,0,16,1,0,1
40,0,3,0,0,0
26,0,19,1,0,0
33,2,9,0,0,0
60,2,1,1,0,0
20,0,4,0,0,0
59,0,27,0,9,1
30,2,11,0,0,1
54,3,24,0,0,0
13,2,27,0,7,0
43,2,26,0,0,0
23,0,25,1,0,0
13,1,25,0,2,0
38,0,10,1,0,0
50,2,6,1,2,0
22,1,19,0,0,0
12,2,15,1,0,1
33,1,5,0,0,1
33,2,20,0,0,0
43,1,17,0,2,1
49,1,24,1,1,0
34,2,18,0,6,1
62,0,17,0,2,1
38,4,13,0,0,1
29,1,14,1,2,0
10,1,27,0,1,0
31,2,6,1,1,0
29,2,14,1,2,0
49,1,19,1,0,0
41,3,13,1,0,0
17,0,9,1,0,1
37,0,10,0,0,0
45,2,8,0,0,0
57,1,11,0,0,0
48,1,25,0,0,0
46,1,15,0,0,0
35,1,8,0,0,0
40,2,12,0,0,0
53,1,5,1,0,0
15,5,25,0,2,0
29,2,13,1,0,0
23,0,29,0,0,1
40,0,11,1,0,0
53,1,24,1,1,1
26,2,9,0,0,0
0,0,4,0,8,0
28,0,2,0,6,0
48,3,18,0,2,0
43,2,10,1,6,0
41,0,14,1,0,0
30,0,23,0,0,0
15,2,9,0,1,0
42,3,10,0,1,1
22,0,24,0,4,1
67,1,15,1,1,0
43,2,23,0,9,0
26,2,12,0,0,0
25,2,12,0,2,0
33,1,6,0,1,1
31,3,26,1,1,0
51,1,25,0,0,0
37,0,29,1,2,0
24,2,12,1,5,1
63,1,23,0,0,0
35,2,13,0,0,0
46,0,14,1,0,1
25,2,23,1,9,0
40,0,7,1,0,0
39,2,8,0,0,1
6,0,10,1,0,0
65,2,22,0,1,1
54,2,12,1,0,0
29,1,11,1,0,0
18,0,30,0,6,1
40,1,12,1,2,0
36,2,9,0,0,1
40,1,18,1,9,1
37,0,23,0,1,0
42,0,4,1,0,1
56,4,18,0,0,1
43,1,2,1,0,0
19,0,16,0,2,0
55,2,9,0,0,0
59,2,10,0,0,0
82,0,14,1,2,0
18,4,26,0,0,0
38,2,20,0,2,0
3,1,26,0,2,0
43,1,19,1,0,0
26,3,0,0,4,0
63,0,9,0,0,0
23,0,25,0,0,1
9,0,19,0,1,0
27,2,29,0,0,0
5,2,6,0,8,0
46,2,10,1,0,0
4,0,11,1,0,0
35,2,11,0,7,1
3,2,9,0,0,0
30,1,14,1,1,1
59,2,19,0,0,0
40,1,10,1,2,0
22,2,4,0,0,1
34,0,20,0,0,1
35,1,14,0,0,0
42,4,16,1,0,1
14,4,14,0,1,0
43,0,25,0,0,1
-5,1,17,0,0,0
25,0,26,1,0,1
27,2,15,1,1,0
44,1,10,0,2,0
35,1,11,0,0,1
13,0,16,1,0,0
20,4,16,0,0,0
37,1,20,0,0,0
33,0,8,0,0,1
26,1,19,1,0,1
27,0,22,0,1,1
45,2,20,1,6,1
27,3,15,0,0,0
33,2,30,0,2,0
67,1,13,1,0,0
13,2,5,0,6,0
7,1,23,0,0,0
46,0,8,1,0,0
24,4,20,1,4,0
30,1,7,1,0,1
23,1,1,1,0,0
31,4,6,1,0,1
58,0,12,0,2,1
47,2,5,0,0,1
47,3,7,1,3,1
13,1,22,0,0,0
17,0,22,1,0,0
-7,1,23,1,0,1
22,0,24,0,0,0
49,1,13,1,0,1
42,2,24,0,1,0
31,1,16,0,0,0
34,1,14,1,0,0
24,1,21,0,1,1
38,1,8,0,2,1
46,2,22,0,1,1
10,1,13,1,2,1
39,2,5,1,0,0
48,1,5,1,4,0
28,1,6,1,0,1
45,0,25,0,0,0
77,1,30,1,2,0
33,2,11,1,7,0
40,0,10,0,1,0
23,3,8,0,0,1
37,1,23,1,0,0
41,3,8,1,0,1
37,0,26,1,5,1
19,1,19,1,0,0
38,0,25,0,2,0
56,0,16,1,0,0
41,2,20,0,2,1
49,0,18,0,6,0
31,1,24,1,0,0
46,0,24,0,0,1
39,1,17,1,2,0
20,2,18,0,0,1
39,2,26,0,1,1
20,2,26,0,0,0
25,1,19,0,0,0
37,4,0,0,2,0
39,2,5,0,0,1
17,1,24,1,6,1
50,1,4,0,0,0
43,3,8,0,1,0
24,1,8,0,0,1
11,2,18,1,0,0
32,1,17,0,0,1
28,0,10,1,2,0
36,2,7,1,0,0
29,2,22,0,4,1
4,1,26,0,0,0
29,2,4,1,1,0
30,0,6,1,2,0
44,2,19,1,0,0
24,4,23,0,0,1
60,3,22,0,0,0
6,1,21,0,0,1
54,1,25,0,0,1
31,2,8,0,1,1
47,2,5,1,0,1
36,1,18,0,1,0
52,3,23,1,6,1
29,1,17,1,0,0
18,1,28,0,0,0
56,0,23,1,0,0
33,0,20,0,3,0
38,0,4,1,0,0
53,3,5,0,0,0
19,1,22,0,9,0
43,1,7,1,0,0
26,2,2,0,1,0
33,2,26,1,0,1
36,2,25,0,0,0
12,0,8,0,2,0
23,2,22,0,0,0
55,0,3,0,1,0
48,0,9,0,0,0
34,0,18,1,3,0
38,0,22,1,0,0
30,0,0,1,0,0
55,2,11,1,0,0
31,0,8,0,0,1
38,2,30,1,0,0
52,0,19,0,0,1
23,0,13,1,0,1
58,1,4,0,0,0
12,3,18,1,0,1
59,2,19,1,0,1
29,4,23,1,0,1
31,2,10,1,9,0
6,2,29,1,0,0
28,2,13,1,0,0
19,2,10,0,0,0
25,0,11,0,3,1
32,1,16,0,0,1
49,1,26,0,1,0
38,1,21,0,0,1
39,1,17,0,0,1
18,0,6,0,2,0
21,1,6,1,0,0
61,0,15,1,0,0
23,4,21,0,2,1
59,0,21,0,1,1
31,0,8,0,5,0
35,3,5,0,0,0
51,1,12,1,1,1
54,0,26,0,2,1
33,1,16,0,0,0
29,0,10,1,2,0
34,0,10,1,0,1
40,0,6,0,0,0
48,1,14,1,0,0
35,2,22,0,0,1
44,1,28,0,1,0
59,2,15,0,0,1
40,0,6,0,7,0
39,1,20,0,0,0
12,2,22,0,0,0
-4,0,4,1,0,0
40,2,24,1,0,0
33,1,23,0,1,1
27,2,14,0,1,0
38,1,17,1,2,1
34,1,20,0,3,0
51,2,20,1,0,0
36,2,1,1,0,0
23,0,5,0,1,1
49,4,6,0,0,0
31,0,22,0,0,0
42,0,13,0,0,1
27,2,16,0,0,0
25,2,22,1,0,0
36,4,11,0,2,0
35,1,21,0,0,0
42,0,14,0,0,0
30,2,12,0,0,1
7,0,11,0,3,1
28,1,28,0,8,1
46,1,22,0,1,0
30,0,1,1,0,1
31,1,27,0,7,0
49,1,22,1,1,0
24,2,6,0,2,0
11,2,4,0,2,1
32,0,10,0,0,0
27,0,18,1,0,0
20,0,18,0,0,1
32,0,9,0,0,0
42,2,14,0,2,0
34,5,8,0,5,0
39,2,3,0,1,1
62,2,15,1,0,0
29,1,11,0,0,0
39,1,16,1,0,1
27,3,26,0,0,0
22,4,6,1,0,0
26,1,0,1,0,1
27,0,4,0,0,0
40,2,14,1,9,0
70,0,20,1,0,0
24,2,17,0,2,0
28,2,15,0,0,1
34,0,11,1,0,0
40,4,10,0,2,0
38,4,12,0,1,1
54,3,18,1,0,0
-1,1,6,0,0,0
0,0,22,1,0,0
27,1,17,1,1,0
51,1,9,1,5,0
11,0,15,0,0,0
-10,1,28,0,0,0
43,2,1,0,5,1
38,0,7,0,0,1
18,1,14,0,1,0
20,0,19,0,0,0
20,2,8,0,0,0
36,2,26,0,0,0
25,0,19,1,0,1
42,4,25,1,0,1
-7,0,11,1,1,0
22,1,23,1,2,0
18,2,12,0,1,0
31,2,9,1,1,0
26,0,26,1,0,1
46,3,5,0,0,1
7,3,26,0,2,0
35,1,14,0,0,0
43,1,30,0,0,0
62,0,16,0,0,1
27,1,22,0,0,1
39,1,0,1,0,0
7,2,15,0,2,1
0,1,21,0,6,0
47,2,22,1,5,0
34,0,6,0,6,1
52,0,13,1,5,0
14,0,13,0,0,1
42,0,5,1,0,0
63,1,14,0,2,0
41,2,23,0,0,0
39,2,10,0,0,0
35,1,13,1,0,0
11,2,27,1,0,0
55,1,2,0,0,0
25,1,17,1,0,0
42,1,21,0,0,1
11,2,22,1,4,0
17,0,21,1,0,1
56,0,21,0,4,0
29,2,4,0,0,0
56,4,16,1,0,0
33,2,22,1,0,0
7,2,5,1,0,0
48,2,0,1,1,0
26,1,23,0,2,0
45,2,20,1,2,1
35,2,13,0,7,0
11,0,26,1,0,1
37,1,22,0,0,0
67,0,28,0,0,1
42,1,26,0,0,0
34,2,15,0,0,1
51,1,22,0,0,0
38,1,19,1,0,0
38,2,23,1,0,0
18,1,22,0,0,0
38,1,6,1,1,1
50,2,8,1,0,1
22,1,9,0,1,1
56,2,23,0,1,0
33,0,23,1,0,1
21,0,15,1,0,0
49,1,17,0,0,0
30,1,23,1,2,1
46,4,10,0,2,0
30,4,3,0,0,0
34,2,15,0,0,0
42,1,26,0,8,0
39,4,22,1,0,0
5,2,12,1,2,0
18,1,4,0,0,1
48,2,19,0,0,1
33,0,24,1,2,1
27,0,19,1,1,0
14,2,13,1,1,1
18,2,5,1,0,1
4,1,26,0,0,0
33,1,9,1,1,0
26,3,8,0,0,0
20,2,23,0,0,0
33,1,29,0,3,0
40,0,19,0,0,0
66,0,18,1,0,0
12,4,10,1,1,0
52,1,1,0,9,0
49,1,7,0,0,1
23,1,17,0,0,1
38,2,6,0,2,0
28,2,25,1,2,0
37,2,7,1,1,0
57,1,16,1,0,0
44,0,15,1,0,0
42,3,18,1,0,1
28,4,11,0,4,0
12,4,25,0,4,1
31,4,14,0,0,1
53,2,20,0,0,0
12,2,18,1,0,0
19,2,5,0,8,0
36,2,18,0,1,0
20,0,16,0,0,0
23,1,25,1,0,1
28,4,25,0,0,1
14,1,6,1,0,1
20,2,4,1,2,0
45,0,10,0,2,0
15,1,29,0,0,0
11,1,1,1,0,0
25,0,19,0,5,0
45,0,18,1,0,0
32,0,19,0,0,0
28,2,8,0,7,1
35,0,8,1,2,1
8,1,13,1,2,0
42,0,5,1,0,1
40,2,4,1,0,0
28,2,4,1,0,0
50,2,17,1,0,1
18,1,12,1,2,0
51,0,10,0,0,1
37,2,10,0,1,1
29,2,7,1,0,1
34,0,13,0,0,1
33,1,7,0,9,0
53,0,20,0,0,0
18,0,5,0,0,0
23,2,27,0,0,0
50,1,4,0,0,0
26,0,26,1,0,1
48,1,24,0,0,0
60,4,20,0,1,1
28,2,26,0,2,1
45,2,6,0,0,0
17,1,7,0,0,0
46,2,9,1,0,0
37,1,8,0,0,0
42,0,10,1,0,0
25,1,17,0,1,0
10,1,2,0,0,1
42,0,12,0,2,0
4,2,8,0,5,1
30,0,18,1,2,1
49,1,29,1,0,0
37,0,15,1,0,0
64,1,13,0,5,1
50,0,12,0,0,1
25,0,22,0,2,0
35,1,4,1,0,0
34,1,27,0,0,0
11,1,13,1,2,0
20,0,10,0,2,0
26,1,29,0,2,0
4,1,26,0,6,1
35,1,19,0,0,0
31,2,1,1,0,0
9,1,21,0,5,0
41,1,11,1,0,1
45,4,12,0,1,0
38,2,6,1,0,1
30,4,16,0,0,0
43,2,21,1,0,0
45,1,9,1,0,0
39,0,26,1,3,1
22,2,7,0,1,0
39,4,4,1,0,0
52,2,19,0,0,1
26,2,24,0,0,1
66,1,27,0,0,0
27,1,22,0,0,1
35,3,7,1,0,0
24,2,29,0,0,0
38,4,26,0,0,0
8,2,6,1,0,0
26,1,17,0,0,0
18,1,16,1,0,0
37,3,14,0,0,0
49,1,29,0,0,0
44,0,4,0,7,0
0,1,18,1,0,0
65,1,7,1,3,0
39,0,16,1,0,0
23,2,22,0,4,1
37,0,8,0,0,0
37,1,12,0,2,0
24,2,27,0,0,0
37,1,22,0,1,1
25,2,17,1,0,0
28,1,8,0,0,0
24,4,13,0,2,0
13,0,22,1,0,1
37,0,23,1,6,0
43,2,8,0,0,0
42,2,19,0,0,0
47,0,5,0,1,0
39,4,1,0,0,0
27,1,16,1,0,1
47,4,8,0,2,0
14,1,4,1,2,0
21,1,21,1,6,0
20,1,15,1,0,0
51,1,23,0,0,0
49,1,19,0,0,0
42,1,21,1,0,1
51,0,10,0,2,0
21,0,9,0,0,0
40,0,18,0,0,1
33,2,7,0,0,0
47,2,23,1,1,1
33,2,16,0,6,0
29,4,8,0,1,0
43,2,18,0,0,0
48,4,26,0,2,0
24,1,4,1,1,0
34,0,5,1,0,1
19,1,24,0,0,1
-2,1,5,0,0,0
38,3,3,0,0,1
44,1,11,1,2,0
38,0,14,0,0,1
5,2,17,1,0,0
29,1,15,0,5,1
1,0,26,1,2,0
55,1,22,0,1,1
18,3,29,1,0,1
53,2,14,0,0,0
49,1,4,1,0,0
21,1,27,0,0,1
18,0,0,0,0,0
40,1,22,1,0,0
22,2,2,0,0,0
36,1,22,1,0,1
27,0,26,1,0,0
8,3,12,0,0,0
1,2,8,0,0,1
38,2,8,0,0,0
26,0,15,0,0,0
26,0,7,0,0,0
45,0,19,1,0,1
52,2,12,0,0,0
30,0,10,0,5,0
29,2,14,0,9,1
42,5,16,0,1,0
14,1,6,0,6,1
38,1,20,1,1,0
43,2,25,1,0,1
45,3,9,0,9,0
5,3,7,1,0,1
23,0,22,0,1,0
21,0,7,1,0,0
36,2,3,1,0,1
42,2,18,1,1,0
57,0,8,0,0,1
27,1,7,0,0,0
27,2,29,0,0,0
52,0,10,1,0,1
39,2,25,0,8,0
54,0,7,1,2,1
39,2,23,0,0,0
17,2,15,1,0,0
15,1,4,0,2,1
11,2,21,0,0,0
44,2,25,0,0,0
52,3,6,0,0,1
62,1,21,0,4,0
47,2,14,1,0,0
52,2,22,0,0,1
26,1,20,0,0,1
17,2,2,1,0,0
47,0,7,0,0,0
41,0,14,1,0,1
36,1,26,1,0,0
40,0,11,0,0,0
39,3,18,0,0,1
54,2,0,0,2,0
54,1,20,1,4,0
43,2,18,0,0,1
47,1,21,1,0,1
42,1,25,1,0,1
28,0,6,0,0,0
46,1,9,1,1,0
14,0,30,1,0,1
50,2,6,0,1,0
17,1,21,1,1,1
39,1,21,1,6,0
22,1,20,0,0,1
43,0,8,0,0,0
34,3,8,0,0,0
11,0,19,0,3,0
41,2,7,1,2,1
26,1,19,0,0,0
48,2,15,1,0,0
35,1,12,0,0,0
40,4,10,0,0,0
20,0,26,1,0,1
26,1,15,1,0,0
28,5,17,0,0,0
47,2,27,0,1,0
60,1,19,0,0,1
22,5,27,0,0,1
51,2,5,0,0,0
2,0,24,0,2,0
17,1,11,1,0,0
20,1,23,0,5,1
14,1,24,1,0,0
11,2,9,1,7,1
41,1,13,0,4,0
31,0,21,1,0,1
40,2,5,0,6,0
45,0,22,1,0,1
38,5,5,0,0,0
44,4,26,0,0,0
33,3,9,1,0,1
17,2,17,0,1,0
50,0,5,1,2,0
26,1,9,1,0,1
20,0,13,0,0,0
32,0,15,0,0,0
21,2,0,0,1,0
28,0,25,1,0,0
40,4,0,1,5,1
40,3,22,0,0,0
21,1,14,0,0,0
27,1,16,1,2,0
51,1,8,0,0,0
42,2,18,1,0,1
66,2,16,1,0,1
52,0,6,1,0,0
52,1,8,0,9,0
14,1,4,0,0,1
46,4,4,0,0,0
34,0,1,0,0,0
26,0,8,1,0,0
37,2,20,0,2,0
49,3,10,1,6,1
42,2,11,0,4,0
21,1,6,0,0,1
46,2,17,0,0,0
25,1,11,1,0,0
38,0,20,0,1,1
30,2,21,0,0,1
31,0,17,1,0,1
46,1,9,0,5,0
19,3,15,0,0,1
64,1,9,0,0,0
7,3,25,0,0,0
26,0,22,1,0,0
40,1,15,0,0,0
43,2,28,0,0,1
33,2,16,0,0,1
34,1,11,1,0,0
41,2,5,0,2,0
31,0,16,1,0,1
55,3,24,0,1,0
47,0,24,0,0,0
48,2,18,1,0,0
20,1,12,0,6,0
33,2,19,1,0,1
30,2,22,0,0,0
19,0,13,1,3,0
40,3,14,0,0,1
26,0,20,1,0,0
44,0,25,0,0,1
18,2,22,0,1,0
60,0,1,0,4,1
21,0,5,0,0,0
38,1,24,0,0,0
46,2,24,0,0,0
26,0,12,0,0,0
47,1,17,1,0,1
16,2,25,1,0,0
56,2,26,1,0,0
35,3,22,0,0,0
26,2,8,0,6,1
30,2,21,0,0,1
47,1,5,1,0,0
26,0,25,0,0,0
23,2,6,0,6,0
31,5,19,1,2,0
17,2,18,0,2,0
62,0,22,1,0,0
26,1,16,1,2,1
47,2,4,0,0,1
38,2,20,0,0,0
20,2,12,0,0,0
34,1,10,1,2,1
46,0,30,0,2,0
32,4,17,1,4,0
52,2,20,0,6,1
50,0,16,0,0,0
48,1,22,0,0,0
28,3,21,1,0,0
18,2,19,0,4,0
25,1,30,1,0,0
37,0,14,0,3,0
43,0,20,0,0,0
2,0,23,1,0,1
34,2,12,1,0,0
37,1,14,0,0,0
30,2,28,0,4,0
54,2,2,1,0,0
41,0,11,0,0,1
54,0,15,0,0,0
31,1,0,1,0,0
49,0,25,0,0,0
59,0,10,0,0,0
54,2,9,0,4,0
18,2,23,1,0,0
31,2,9,1,0,0
29,2,19,0,0,1
42,2,23,0,0,1
45,2,23,0,0,1
22,0,22,1,0,1
36,5,4,0,0,1
4,0,4,1,1,1
56,0,10,0,0,0
27,0,2,1,2,0
35,4,15,0,7,1
30,4,12,1,0,0
52,2,16,0,0,0
-7,2,10,0,0,0
34,1,15,1,0,0
33,4,11,1,2,0
28,2,7,0,2,0
60,4,19,1,0,0
21,1,19,0,0,1
46,1,23,1,0,1
40,2,25,0,0,1
53,0,20,0,2,1
24,4,20,0,0,0
24,1,4,0,0,0
51,3,5,1,1,0
41,1,23,0,0,1
11,2,8,0,0,0
26,1,11,0,0,1
40,2,6,1,0,0
47,1,7,0,1,1
24,4,22,0,4,0
-8,2,9,1,0,1
42,0,14,0,6,0
16,3,6,1,0,0
4,0,20,1,1,0
-7,1,21,0,3,1
47,0,11,1,0,0
36,3,22,1,2,1
31,0,8,0,0,1
55,0,20,0,0,1
44,3,21,1,1,0
59,2,28,0,3,0
14,0,8,1,4,0
34,2,5,0,1,1
10,3,9,0,0,1
31,0,5,0,0,1
31,2,7,0,9,0
44,1,11,0,0,0
35,2,13,1,1,1
44,1,25,1,0,0
45,2,7,1,0,1
67,0,28,1,0,0
30,2,23,1,8,0
20,0,25,0,0,1
38,1,26,1,7,0
22,0,21,0,0,0
57,2,22,1,0,1
30,1,13,1,1,1
26,1,15,0,2,1
27,1,26,0,5,1
45,2,12,0,0,0
32,1,3,0,0,0
25,2,22,0,0,0
59,0,17,0,0,0
22,0,23,0,8,0
35,1,4,1,0,1
44,4,18,1,0,0
10,0,9,1,0,1
42,0,25,1,0,0
19,0,5,0,0,0
47,2,24,0,0,0
20,1,4,1,0,1
45,2,1,1,0,0
51,0,8,0,9,0
47,0,11,1,0,1
38,1,18,1,0,0
31,2,6,1,9,0
26,2,13,1,2,1
57,0,7,0,9,0
24,4,24,1,8,0
19,1,3,1,0,0
44,2,11,0,1,0
23,1,18,1,0,0
20,0,26,0,0,0
13,2,24,0,2,0
27,2,25,0,0,0
33,1,4,0,1,0
38,1,24,0,2,0
49,0,22,1,0,0
42,2,25,0,4,1
32,1,10,0,0,0
32,2,26,0,0,1
42,0,13,0,3,0
54,0,18,1,0,0
36,0,13,1,2,0
27,0,13,1,0,1
20,1,16,1,0,0
13,0,11,0,2,0
44,2,23,1,0,0
43,0,18,1,0,0
43,2,20,0,0,0
33,1,8,1,5,0
56,4,28,1,0,0
27,5,19,1,3,1
49,2,7,0,0,0
34,2,21,1,1,0
25,1,7,0,6,0
43,2,4,0,0,0
41,4,16,0,0,0
40,0,16,0,2,0
36,1,7,0,2,0
34,0,11,0,0,0
70,1,26,1,0,0
52,1,9,1,2,0
45,1,6,1,2,0
36,1,30,0,2,0
50,4,10,0,0,0
42,1,20,1,9,0
35,2,8,0,0,1
30,1,16,1,0,0
33,1,12,1,0,0
-12,1,28,0,0,1
38,0,13,1,0,0
27,1,17,1,0,1
58,2,26,0,0,1
35,1,30,0,1,1
17,2,5,0,0,1
34,1,24,0,0,0
19,1,12,0,0,0
42,2,17,0,0,1
39,0,12,0,0,0
49,0,12,1,0,1
23,0,6,0,8,0
35,0,17,0,4,0
14,0,16,0,4,1
45,0,7,0,0,0
42,0,16,0,0,1
42,2,28,0,0,0
35,0,21,0,2,1
41,1,15,1,0,1
59,3,26,1,0,0
30,2,17,0,0,0
37,1,6,0,0,0
18,3,16,1,9,1
21,1,7,1,2,1
36,0,22,0,2,0
51,5,28,1,0,0
31,2,11,0,3,1
31,1,13,0,1,1
28,2,13,1,7,0
26,2,9,1,0,0
39,0,23,1,0,1
12,0,18,0,1,0
54,1,4,0,0,1
25,3,24,0,4,0
45,0,7,0,9,1
15,2,29,1,0,0
45,0,12,1,0,1
45,1,18,1,0,0
40,2,4,1,3,0
20,2,11,0,1,0
38,0,23,1,0,1
17,1,14,1,0,0
31,1,25,0,0,0
50,0,17,1,2,0
46,0,26,0,0,0
35,2,29,1,0,0
20,1,14,0,2,0
44,0,17,0,0,0
35,1,24,1,0,1
0,3,8,1,0,1
46,0,24,0,0,1
34,2,17,0,0,0
53,0,21,0,9,1
18,0,4,0,2,0
-12,0,22,1,4,0
39,1,10,1,7,0
39,2,23,0,0,0
9,0,15,1,0,0
20,2,9,0,0,0
76,1,27,1,2,0
30,0,22,0,1,0
45,1,29,0,0,0
25,2,12,1,0,0
3,2,19,0,0,0
32,2,18,1,0,0
31,1,20,1,4,0
29,2,2,0,0,0
33,0,10,0,5,0
38,2,26,1,0,1
32,4,13,1,2,0
16,0,27,0,6,0
42,1,8,0,5,1
5,2,30,1,0,0
4,2,20,0,0,0
46,0,22,0,0,0
42,4,12,0,0,0
34,2,25,1,1,0
14,0,16,1,7,1
24,0,20,1,0,0
31,2,5,1,0,0
11,0,18,1,0,0
23,0,25,0,5,1
44,1,7,1,8,1
56,2,21,0,0,0
28,2,1,1,0,0
46,1,26,0,2,0
6,2,29,0,1,0
44,4,11,1,0,0
22,0,5,1,4,0
39,2,19,0,8,1
31,3,2,1,0,0
54,2,15,0,0,0
21,2,9,0,0,0
44,0,14,1,0,0
30,1,1,0,0,0
32,1,3,1,0,1
32,2,1,0,0,0
22,5,18,1,0,1
34,0,17,1,0,0
34,0,8,0,0,0
38,0,19,0,0,0
36,2,25,1,0,1
46,0,9,1,0,0
48,2,24,0,0,0
19,1,19,0,2,0
48,1,2,0,0,1
17,0,12,0,9,0
43,2,15,0,0,0
44,1,21,0,1,0
6,4,10,1,0,0
36,1,29,1,1,0
27,0,20,1,3,0
23,0,12,1,7,1
55,4,5,1,9,0
25,2,7,0,0,1
22,0,15,1,0,1
36,2,15,1,0,0
45,1,22,1,0,0
32,1,21,0,0,1
52,0,7,1,3,0
42,2,17,1,5,0
2,0,1,1,0,1
27,0,12,0,0,0
26,1,22,1,0,1
42,0,12,1,1,0
-4,1,24,0,0,0
73,0,29,1,5,0
42,1,18,0,1,1
37,3,6,1,1,0
52,1,12,1,0,0
70,1,0,0,0,1
48,1,18,0,6,1
49,1,23,1,0,1
36,2,18,0,9,0
32,0,22,0,0,1
27,2,23,1,1,0
22,2,24,0,0,0
24,2,9,0,0,1
14,0,25,1,2,0
33,0,19,0,2,0
9,1,10,0,2,0
37,2,30,1,0,1
34,1,27,1,8,0
37,0,17,1,9,0
27,0,24,1,0,0
81,2,9,1,7,0
55,2,13,0,0,1
16,0,7,0,1,0
38,0,16,0,0,1
25,1,15,0,8,1
19,1,8,1,0,0
14,2,19,1,0,0
41,2,5,0,0,0
24,2,4,1,0,1
49,0,12,0,1,0
49,2,13,0,0,0
55,4,10,1,1,0
22,3,9,0,9,0
42,2,11,0,2,1
44,1,6,0,3,1
27,2,13,0,0,0
23,2,25,1,0,1
59,2,8,1,0,1
38,0,20,0,0,0
44,4,6,0,7,0
22,1,11,1,0,1
16,0,10,1,5,1
26,0,26,0,0,0
33,2,13,0,2,0
19,1,20,1,0,1
34,0,18,1,0,0
9,2,6,0,1,1
18,2,26,1,0,1
45,2,11,0,1,1
44,0,3,0,0,1
29,2,10,0,0,0
19,0,11,1,6,1
19,1,5,0,0,0
29,1,18,0,1,1
44,2,11,0,0,0
48,1,18,1,0,0
27,0,0,0,0,0
17,1,29,0,0,1
39,1,7,0,0,0
22,4,19,1,0,0
27,4,21,0,0,1
54,0,7,0,1,1
47,0,5,0,1,0
37,0,6,1,0,0
15,2,9,0,0,0
38,0,6,1,0,1
50,0,19,1,0,1
29,1,13,1,0,1
55,0,16,0,0,0
54,0,3,1,9,0
59,1,24,0,1,1
39,0,7,0,0,0
43,1,11,1,0,0
56,4,4,0,1,0
41,0,6,0,0,1
27,1,19,0,2,1
28,3,20,1,6,0
38,2,20,0,0,1
15,1,16,1,0,0
32,2,27,1,2,0
51,0,15,1,7,0
2,2,14,0,0,0
58,4,9,1,1,0
51,1,5,0,0,1
28,1,16,0,0,0
43,0,10,0,1,0
35,2,16,0,6,0
53,1,7,0,0,0
49,2,24,0,2,0
13,0,30,0,0,0
43,1,10,0,0,1
31,2,24,1,0,1
36,0,25,1,0,1
24,0,30,1,0,0
61,0,11,0,0,1
50,2,22,0,2,0
23,2,8,1,2,0
14,2,18,0,0,0
29,0,20,1,0,0
41,3,21,0,1,1
38,2,7,1,9,0
53,1,24,0,0,0
46,0,13,0,0,0
49,0,8,1,0,1
39,4,16,0,0,1
14,1,24,0,0,0
32,1,28,0,2,1
50,0,21,1,2,1
34,2,0,0,0,0
42,0,6,0,0,0
30,1,4,0,0,0
19,1,5,0,5,0
33,1,12,1,0,1
39,1,11,0,1,0
25,1,5,0,0,0
31,2,25,0,0,1
20,2,18,0,0,0
51,2,23,0,0,0
30,0,12,0,0,0
56,2,13,0,0,0
57,0,10,1,0,0
33,0,13,0,0,1
19,4,18,1,0,0
3,2,15,0,0,1
12,1,24,0,0,0
14,2,25,0,5,0
55,4,14,0,0,1
36,2,8,1,0,0
40,2,26,1,0,1
1,2,21,1,0,1
17,0,19,1,0,0
48,0,21,0,1,0
39,2,4,0,0,1
32,1,4,1,0,1
43,0,6,1,4,0
59,1,6,0,5,0
31,1,13,0,8,0
36,4,6,0,2,0
37,2,24,1,5,1
70,1,17,0,0,0
3,4,12,0,0,0
45,3,4,0,0,0
33,1,17,1,1,0
43,3,5,0,7,0
25,1,21,1,0,0
34,0,23,0,0,0
45,0,16,1,2,0
81,2,6,1,6,0
47,1,22,0,1,0
22,2,10,0,8,1
